file,type,line,frame
/home/gabriel/Disk/Research/research-javascript-test-smells/repositories/html-webpack-plugin/spec/hot.spec.js,Duplicate Assert,"{'line': 150, 'column': 10, 'index': 4730}","  148 |         // Change the template file and compile again
  149 |         .then((stats) => {
> 150 |           expect(
      |          ^ Duplicate Assert
  151 |             expected.every((val) =>
  152 |               Object.keys(stats.compilation.assets).includes(val),
  153 |             ),"
/home/gabriel/Disk/Research/research-javascript-test-smells/repositories/html-webpack-plugin/spec/hot.spec.js,Duplicate Assert,"{'line': 150, 'column': 10, 'index': 4730}","  148 |         // Change the template file and compile again
  149 |         .then((stats) => {
> 150 |           expect(
      |          ^ Duplicate Assert
  151 |             expected.every((val) =>
  152 |               Object.keys(stats.compilation.assets).includes(val),
  153 |             ),"
/home/gabriel/Disk/Research/research-javascript-test-smells/repositories/html-webpack-plugin/spec/hot.spec.js,Duplicate Assert,"{'line': 155, 'column': 10, 'index': 4890}","  153 |             ),
  154 |           ).toBe(true);
> 155 |           expect(stats.compilation.errors).toEqual([]);
      |          ^ Duplicate Assert
  156 |           expect(stats.compilation.warnings).toEqual([]);
  157 |
  158 |           fs.writeFileSync("
/home/gabriel/Disk/Research/research-javascript-test-smells/repositories/html-webpack-plugin/spec/hot.spec.js,Duplicate Assert,"{'line': 155, 'column': 10, 'index': 4890}","  153 |             ),
  154 |           ).toBe(true);
> 155 |           expect(stats.compilation.errors).toEqual([]);
      |          ^ Duplicate Assert
  156 |           expect(stats.compilation.warnings).toEqual([]);
  157 |
  158 |           fs.writeFileSync("
/home/gabriel/Disk/Research/research-javascript-test-smells/repositories/html-webpack-plugin/spec/hot.spec.js,Duplicate Assert,"{'line': 156, 'column': 10, 'index': 4946}","  154 |           ).toBe(true);
  155 |           expect(stats.compilation.errors).toEqual([]);
> 156 |           expect(stats.compilation.warnings).toEqual([]);
      |          ^ Duplicate Assert
  157 |
  158 |           fs.writeFileSync(
  159 |             jsFileTempPath,"
/home/gabriel/Disk/Research/research-javascript-test-smells/repositories/html-webpack-plugin/spec/hot.spec.js,Duplicate Assert,"{'line': 156, 'column': 10, 'index': 4946}","  154 |           ).toBe(true);
  155 |           expect(stats.compilation.errors).toEqual([]);
> 156 |           expect(stats.compilation.warnings).toEqual([]);
      |          ^ Duplicate Assert
  157 |
  158 |           fs.writeFileSync(
  159 |             jsFileTempPath,"
/home/gabriel/Disk/Research/research-javascript-test-smells/repositories/html-webpack-plugin/spec/hot.spec.js,Duplicate Assert,"{'line': 166, 'column': 10, 'index': 5235}","  164 |         })
  165 |         .then((stats) => {
> 166 |           expect(
      |          ^ Duplicate Assert
  167 |             expected.every((val) =>
  168 |               Object.keys(stats.compilation.assets).includes(val),
  169 |             ),"
/home/gabriel/Disk/Research/research-javascript-test-smells/repositories/html-webpack-plugin/spec/hot.spec.js,Duplicate Assert,"{'line': 166, 'column': 10, 'index': 5235}","  164 |         })
  165 |         .then((stats) => {
> 166 |           expect(
      |          ^ Duplicate Assert
  167 |             expected.every((val) =>
  168 |               Object.keys(stats.compilation.assets).includes(val),
  169 |             ),"
/home/gabriel/Disk/Research/research-javascript-test-smells/repositories/html-webpack-plugin/spec/hot.spec.js,Duplicate Assert,"{'line': 171, 'column': 10, 'index': 5395}","  169 |             ),
  170 |           ).toBe(true);
> 171 |           expect(stats.compilation.errors).toEqual([]);
      |          ^ Duplicate Assert
  172 |           expect(stats.compilation.warnings).toEqual([]);
  173 |
  174 |           fs.writeFileSync("
/home/gabriel/Disk/Research/research-javascript-test-smells/repositories/html-webpack-plugin/spec/hot.spec.js,Duplicate Assert,"{'line': 171, 'column': 10, 'index': 5395}","  169 |             ),
  170 |           ).toBe(true);
> 171 |           expect(stats.compilation.errors).toEqual([]);
      |          ^ Duplicate Assert
  172 |           expect(stats.compilation.warnings).toEqual([]);
  173 |
  174 |           fs.writeFileSync("
/home/gabriel/Disk/Research/research-javascript-test-smells/repositories/html-webpack-plugin/spec/hot.spec.js,Duplicate Assert,"{'line': 172, 'column': 10, 'index': 5451}","  170 |           ).toBe(true);
  171 |           expect(stats.compilation.errors).toEqual([]);
> 172 |           expect(stats.compilation.warnings).toEqual([]);
      |          ^ Duplicate Assert
  173 |
  174 |           fs.writeFileSync(
  175 |             template,"
/home/gabriel/Disk/Research/research-javascript-test-smells/repositories/html-webpack-plugin/spec/hot.spec.js,Duplicate Assert,"{'line': 172, 'column': 10, 'index': 5451}","  170 |           ).toBe(true);
  171 |           expect(stats.compilation.errors).toEqual([]);
> 172 |           expect(stats.compilation.warnings).toEqual([]);
      |          ^ Duplicate Assert
  173 |
  174 |           fs.writeFileSync(
  175 |             template,"
/home/gabriel/Disk/Research/research-javascript-test-smells/repositories/html-webpack-plugin/spec/hot.spec.js,Duplicate Assert,"{'line': 185, 'column': 10, 'index': 5791}","  183 |         })
  184 |         .then((stats) => {
> 185 |           expect(
      |          ^ Duplicate Assert
  186 |             expected.every((val) =>
  187 |               Object.keys(stats.compilation.assets).includes(val),
  188 |             ),"
/home/gabriel/Disk/Research/research-javascript-test-smells/repositories/html-webpack-plugin/spec/hot.spec.js,Duplicate Assert,"{'line': 185, 'column': 10, 'index': 5791}","  183 |         })
  184 |         .then((stats) => {
> 185 |           expect(
      |          ^ Duplicate Assert
  186 |             expected.every((val) =>
  187 |               Object.keys(stats.compilation.assets).includes(val),
  188 |             ),"
/home/gabriel/Disk/Research/research-javascript-test-smells/repositories/html-webpack-plugin/spec/hot.spec.js,Duplicate Assert,"{'line': 190, 'column': 10, 'index': 5951}","  188 |             ),
  189 |           ).toBe(true);
> 190 |           expect(stats.compilation.errors).toEqual([]);
      |          ^ Duplicate Assert
  191 |           expect(stats.compilation.warnings).toEqual([]);
  192 |
  193 |           fs.writeFileSync(template, templateContent);"
/home/gabriel/Disk/Research/research-javascript-test-smells/repositories/html-webpack-plugin/spec/hot.spec.js,Duplicate Assert,"{'line': 190, 'column': 10, 'index': 5951}","  188 |             ),
  189 |           ).toBe(true);
> 190 |           expect(stats.compilation.errors).toEqual([]);
      |          ^ Duplicate Assert
  191 |           expect(stats.compilation.warnings).toEqual([]);
  192 |
  193 |           fs.writeFileSync(template, templateContent);"
/home/gabriel/Disk/Research/research-javascript-test-smells/repositories/html-webpack-plugin/spec/hot.spec.js,Duplicate Assert,"{'line': 191, 'column': 10, 'index': 6007}","  189 |           ).toBe(true);
  190 |           expect(stats.compilation.errors).toEqual([]);
> 191 |           expect(stats.compilation.warnings).toEqual([]);
      |          ^ Duplicate Assert
  192 |
  193 |           fs.writeFileSync(template, templateContent);
  194 |         })"
/home/gabriel/Disk/Research/research-javascript-test-smells/repositories/html-webpack-plugin/spec/hot.spec.js,Duplicate Assert,"{'line': 191, 'column': 10, 'index': 6007}","  189 |           ).toBe(true);
  190 |           expect(stats.compilation.errors).toEqual([]);
> 191 |           expect(stats.compilation.warnings).toEqual([]);
      |          ^ Duplicate Assert
  192 |
  193 |           fs.writeFileSync(template, templateContent);
  194 |         })"
/home/gabriel/Disk/Research/research-javascript-test-smells/repositories/html-webpack-plugin/spec/hot.spec.js,Duplicate Assert,"{'line': 263, 'column': 10, 'index': 8001}","  261 |         // Change the template file and compile again
  262 |         .then((stats) => {
> 263 |           expect(
      |          ^ Duplicate Assert
  264 |             expected.every((val) =>
  265 |               Object.keys(stats.compilation.assets).includes(val),
  266 |             ),"
/home/gabriel/Disk/Research/research-javascript-test-smells/repositories/html-webpack-plugin/spec/hot.spec.js,Duplicate Assert,"{'line': 263, 'column': 10, 'index': 8001}","  261 |         // Change the template file and compile again
  262 |         .then((stats) => {
> 263 |           expect(
      |          ^ Duplicate Assert
  264 |             expected.every((val) =>
  265 |               Object.keys(stats.compilation.assets).includes(val),
  266 |             ),"
/home/gabriel/Disk/Research/research-javascript-test-smells/repositories/html-webpack-plugin/spec/hot.spec.js,Duplicate Assert,"{'line': 268, 'column': 10, 'index': 8161}","  266 |             ),
  267 |           ).toBe(true);
> 268 |           expect(stats.compilation.errors).toEqual([]);
      |          ^ Duplicate Assert
  269 |           expect(stats.compilation.warnings).toEqual([]);
  270 |
  271 |           fs.writeFileSync("
/home/gabriel/Disk/Research/research-javascript-test-smells/repositories/html-webpack-plugin/spec/hot.spec.js,Duplicate Assert,"{'line': 268, 'column': 10, 'index': 8161}","  266 |             ),
  267 |           ).toBe(true);
> 268 |           expect(stats.compilation.errors).toEqual([]);
      |          ^ Duplicate Assert
  269 |           expect(stats.compilation.warnings).toEqual([]);
  270 |
  271 |           fs.writeFileSync("
/home/gabriel/Disk/Research/research-javascript-test-smells/repositories/html-webpack-plugin/spec/hot.spec.js,Duplicate Assert,"{'line': 269, 'column': 10, 'index': 8217}","  267 |           ).toBe(true);
  268 |           expect(stats.compilation.errors).toEqual([]);
> 269 |           expect(stats.compilation.warnings).toEqual([]);
      |          ^ Duplicate Assert
  270 |
  271 |           fs.writeFileSync(
  272 |             jsFileTempPath,"
/home/gabriel/Disk/Research/research-javascript-test-smells/repositories/html-webpack-plugin/spec/hot.spec.js,Duplicate Assert,"{'line': 269, 'column': 10, 'index': 8217}","  267 |           ).toBe(true);
  268 |           expect(stats.compilation.errors).toEqual([]);
> 269 |           expect(stats.compilation.warnings).toEqual([]);
      |          ^ Duplicate Assert
  270 |
  271 |           fs.writeFileSync(
  272 |             jsFileTempPath,"
/home/gabriel/Disk/Research/research-javascript-test-smells/repositories/html-webpack-plugin/spec/hot.spec.js,Duplicate Assert,"{'line': 279, 'column': 10, 'index': 8506}","  277 |         })
  278 |         .then((stats) => {
> 279 |           expect(
      |          ^ Duplicate Assert
  280 |             expected.every((val) =>
  281 |               Object.keys(stats.compilation.assets).includes(val),
  282 |             ),"
/home/gabriel/Disk/Research/research-javascript-test-smells/repositories/html-webpack-plugin/spec/hot.spec.js,Duplicate Assert,"{'line': 279, 'column': 10, 'index': 8506}","  277 |         })
  278 |         .then((stats) => {
> 279 |           expect(
      |          ^ Duplicate Assert
  280 |             expected.every((val) =>
  281 |               Object.keys(stats.compilation.assets).includes(val),
  282 |             ),"
/home/gabriel/Disk/Research/research-javascript-test-smells/repositories/html-webpack-plugin/spec/hot.spec.js,Duplicate Assert,"{'line': 284, 'column': 10, 'index': 8666}","  282 |             ),
  283 |           ).toBe(true);
> 284 |           expect(stats.compilation.errors).toEqual([]);
      |          ^ Duplicate Assert
  285 |           expect(stats.compilation.warnings).toEqual([]);
  286 |
  287 |           fs.writeFileSync("
/home/gabriel/Disk/Research/research-javascript-test-smells/repositories/html-webpack-plugin/spec/hot.spec.js,Duplicate Assert,"{'line': 284, 'column': 10, 'index': 8666}","  282 |             ),
  283 |           ).toBe(true);
> 284 |           expect(stats.compilation.errors).toEqual([]);
      |          ^ Duplicate Assert
  285 |           expect(stats.compilation.warnings).toEqual([]);
  286 |
  287 |           fs.writeFileSync("
/home/gabriel/Disk/Research/research-javascript-test-smells/repositories/html-webpack-plugin/spec/hot.spec.js,Duplicate Assert,"{'line': 285, 'column': 10, 'index': 8722}","  283 |           ).toBe(true);
  284 |           expect(stats.compilation.errors).toEqual([]);
> 285 |           expect(stats.compilation.warnings).toEqual([]);
      |          ^ Duplicate Assert
  286 |
  287 |           fs.writeFileSync(
  288 |             template,"
/home/gabriel/Disk/Research/research-javascript-test-smells/repositories/html-webpack-plugin/spec/hot.spec.js,Duplicate Assert,"{'line': 285, 'column': 10, 'index': 8722}","  283 |           ).toBe(true);
  284 |           expect(stats.compilation.errors).toEqual([]);
> 285 |           expect(stats.compilation.warnings).toEqual([]);
      |          ^ Duplicate Assert
  286 |
  287 |           fs.writeFileSync(
  288 |             template,"
/home/gabriel/Disk/Research/research-javascript-test-smells/repositories/html-webpack-plugin/spec/hot.spec.js,Duplicate Assert,"{'line': 298, 'column': 10, 'index': 9062}","  296 |         })
  297 |         .then((stats) => {
> 298 |           expect(
      |          ^ Duplicate Assert
  299 |             expected.every((val) =>
  300 |               Object.keys(stats.compilation.assets).includes(val),
  301 |             ),"
/home/gabriel/Disk/Research/research-javascript-test-smells/repositories/html-webpack-plugin/spec/hot.spec.js,Duplicate Assert,"{'line': 298, 'column': 10, 'index': 9062}","  296 |         })
  297 |         .then((stats) => {
> 298 |           expect(
      |          ^ Duplicate Assert
  299 |             expected.every((val) =>
  300 |               Object.keys(stats.compilation.assets).includes(val),
  301 |             ),"
/home/gabriel/Disk/Research/research-javascript-test-smells/repositories/html-webpack-plugin/spec/hot.spec.js,Duplicate Assert,"{'line': 303, 'column': 10, 'index': 9222}","  301 |             ),
  302 |           ).toBe(true);
> 303 |           expect(stats.compilation.errors).toEqual([]);
      |          ^ Duplicate Assert
  304 |           expect(stats.compilation.warnings).toEqual([]);
  305 |
  306 |           fs.writeFileSync(template, templateContent);"
/home/gabriel/Disk/Research/research-javascript-test-smells/repositories/html-webpack-plugin/spec/hot.spec.js,Duplicate Assert,"{'line': 303, 'column': 10, 'index': 9222}","  301 |             ),
  302 |           ).toBe(true);
> 303 |           expect(stats.compilation.errors).toEqual([]);
      |          ^ Duplicate Assert
  304 |           expect(stats.compilation.warnings).toEqual([]);
  305 |
  306 |           fs.writeFileSync(template, templateContent);"
/home/gabriel/Disk/Research/research-javascript-test-smells/repositories/html-webpack-plugin/spec/hot.spec.js,Duplicate Assert,"{'line': 304, 'column': 10, 'index': 9278}","  302 |           ).toBe(true);
  303 |           expect(stats.compilation.errors).toEqual([]);
> 304 |           expect(stats.compilation.warnings).toEqual([]);
      |          ^ Duplicate Assert
  305 |
  306 |           fs.writeFileSync(template, templateContent);
  307 |         })"
/home/gabriel/Disk/Research/research-javascript-test-smells/repositories/html-webpack-plugin/spec/hot.spec.js,Duplicate Assert,"{'line': 304, 'column': 10, 'index': 9278}","  302 |           ).toBe(true);
  303 |           expect(stats.compilation.errors).toEqual([]);
> 304 |           expect(stats.compilation.warnings).toEqual([]);
      |          ^ Duplicate Assert
  305 |
  306 |           fs.writeFileSync(template, templateContent);
  307 |         })"
/home/gabriel/Disk/Research/research-javascript-test-smells/repositories/html-webpack-plugin/spec/hot.spec.js,Magic Number,"{'line': 101, 'column': 54, 'index': 3341}","   99 |           ).filter((fileName) => /\.hot-update\.js$/.test(fileName));
  100 |           expect(hotUpdateJsFileNames).not.toEqual([]);
> 101 |           expect(hotUpdateJsFileNames.length).toEqual(1);
      |                                                      ^ Magic Number
  102 |           const hotUpdateFileSize =
  103 |             stats.compilation.assets[hotUpdateJsFileNames[0]].size();
  104 |           expect(hotUpdateFileSize).not.toEqual(0);"
/home/gabriel/Disk/Research/research-javascript-test-smells/repositories/html-webpack-plugin/spec/hot.spec.js,Magic Number,"{'line': 104, 'column': 48, 'index': 3499}","  102 |           const hotUpdateFileSize =
  103 |             stats.compilation.assets[hotUpdateJsFileNames[0]].size();
> 104 |           expect(hotUpdateFileSize).not.toEqual(0);
      |                                                ^ Magic Number
  105 |         })
  106 |         .then(() => compiler.stopWatching())
  107 |     );"
/home/gabriel/Disk/Research/research-javascript-test-smells/repositories/html-webpack-plugin/spec/hot.spec.js,Mystery Guest,"{'column': 28, 'line': 138}","  136 |     };
  137 |
> 138 |     const templateContent = fs.readFileSync(template, ""utf-8"");
      |                            ^ Mystery Guest
  139 |     const compiler = new WebpackRecompilationSimulator(webpack(config));
  140 |     const jsFileTempPath = compiler.addTestFile(
  141 |       path.join(__dirname, ""fixtures/index.js""),"
/home/gabriel/Disk/Research/research-javascript-test-smells/repositories/html-webpack-plugin/spec/hot.spec.js,Mystery Guest,"{'column': 28, 'line': 252}","  250 |     };
  251 |
> 252 |     const templateContent = fs.readFileSync(template, ""utf-8"");
      |                            ^ Mystery Guest
  253 |     const compiler = new WebpackRecompilationSimulator(webpack(config));
  254 |     const jsFileTempPath = compiler.addTestFile(
  255 |       path.join(__dirname, ""fixtures/index.js""),"
/home/gabriel/Disk/Research/research-javascript-test-smells/repositories/html-webpack-plugin/spec/example.spec.js,Conditional Test Logic,"{'line': 34, 'column': 4, 'index': 963}","  32 |     options.context = examplePath;
  33 |     options.output.path = exampleOutput + path.sep;
> 34 |     if (Number(webpackMajorVersion) >= 4) {
     |    ^ Conditional Test Logic
  35 |       options.plugins.unshift(
  36 |         new webpack.LoaderOptionsPlugin({
  37 |           options: {"
/home/gabriel/Disk/Research/research-javascript-test-smells/repositories/html-webpack-plugin/spec/example.spec.js,Conditional Test Logic,"{'line': 42, 'column': 6, 'index': 1207}","  40 |         }),
  41 |       );
> 42 |       if (options.module && options.module.loaders) {
     |      ^ Conditional Test Logic
  43 |         options.module.rules = options.module.loaders;
  44 |         delete options.module.loaders;
  45 |       }"
/home/gabriel/Disk/Research/research-javascript-test-smells/repositories/html-webpack-plugin/spec/example.spec.js,Unknown Test,"{'column': 2, 'line': 82}","  80 |
  81 | describe(""HtmlWebpackPlugin Examples"", () => {
> 82 |   it(""custom-template example"", (done) => {
     |  ^ Unknown Test
  83 |     runExample(""custom-template"", done);
  84 |   });
  85 |"
/home/gabriel/Disk/Research/research-javascript-test-smells/repositories/html-webpack-plugin/spec/example.spec.js,Unknown Test,"{'column': 2, 'line': 86}","  84 |   });
  85 |
> 86 |   it(""default example"", (done) => {
     |  ^ Unknown Test
  87 |     runExample(""default"", done);
  88 |   });
  89 |"
/home/gabriel/Disk/Research/research-javascript-test-smells/repositories/html-webpack-plugin/spec/example.spec.js,Unknown Test,"{'column': 2, 'line': 90}","  88 |   });
  89 |
> 90 |   it(""favicon example"", (done) => {
     |  ^ Unknown Test
  91 |     runExample(""favicon"", done);
  92 |   });
  93 |"
/home/gabriel/Disk/Research/research-javascript-test-smells/repositories/html-webpack-plugin/spec/example.spec.js,Unknown Test,"{'column': 2, 'line': 94}","  92 |   });
  93 |
> 94 |   it(""html-loader example"", (done) => {
     |  ^ Unknown Test
  95 |     runExample(""html-loader"", done);
  96 |   });
  97 |"
/home/gabriel/Disk/Research/research-javascript-test-smells/repositories/html-webpack-plugin/spec/example.spec.js,Unknown Test,"{'column': 2, 'line': 98}","   96 |   });
   97 |
>  98 |   it(""inline example"", (done) => {
      |  ^ Unknown Test
   99 |     runExample(""inline"", done);
  100 |   });
  101 |"
/home/gabriel/Disk/Research/research-javascript-test-smells/repositories/html-webpack-plugin/spec/example.spec.js,Unknown Test,"{'column': 2, 'line': 102}","  100 |   });
  101 |
> 102 |   it(""pug-loader example"", (done) => {
      |  ^ Unknown Test
  103 |     runExample(""pug-loader"", done);
  104 |   });
  105 |"
/home/gabriel/Disk/Research/research-javascript-test-smells/repositories/html-webpack-plugin/spec/example.spec.js,Unknown Test,"{'column': 2, 'line': 106}","  104 |   });
  105 |
> 106 |   it(""javascript example"", (done) => {
      |  ^ Unknown Test
  107 |     runExample(""javascript"", done);
  108 |   });
  109 |"
/home/gabriel/Disk/Research/research-javascript-test-smells/repositories/html-webpack-plugin/spec/example.spec.js,Unknown Test,"{'column': 2, 'line': 110}","  108 |   });
  109 |
> 110 |   it(""javascript-advanced example"", (done) => {
      |  ^ Unknown Test
  111 |     runExample(""javascript-advanced"", done);
  112 |   });
  113 |"
/home/gabriel/Disk/Research/research-javascript-test-smells/repositories/html-webpack-plugin/spec/example.spec.js,Unknown Test,"{'column': 2, 'line': 114}","  112 |   });
  113 |
> 114 |   it(""sort manually example"", (done) => {
      |  ^ Unknown Test
  115 |     runExample(""sort-manually"", done);
  116 |   });
  117 |"
/home/gabriel/Disk/Research/research-javascript-test-smells/repositories/html-webpack-plugin/spec/example.spec.js,Unknown Test,"{'column': 2, 'line': 118}","  116 |   });
  117 |
> 118 |   it(""multi-page example"", (done) => {
      |  ^ Unknown Test
  119 |     runExample(""multi-page"", done);
  120 |   });
  121 |"
/home/gabriel/Disk/Research/research-javascript-test-smells/repositories/html-webpack-plugin/spec/example.spec.js,Unknown Test,"{'column': 2, 'line': 122}","  120 |   });
  121 |
> 122 |   it(""template-parameters example"", (done) => {
      |  ^ Unknown Test
  123 |     runExample(""template-parameters"", done);
  124 |   });
  125 | });"
/home/gabriel/Disk/Research/research-javascript-test-smells/repositories/html-webpack-plugin/spec/caching.spec.js,Conditional Test Logic,"{'line': 72, 'column': 2, 'index': 1941}","  70 |     Array.prototype.push.apply(errors.childCompilation, child.errors);
  71 |   });
> 72 |   if (errors.main.length) {
     |  ^ Conditional Test Logic
  73 |     errors.main.forEach((error) => {
  74 |       console.log(""Error => "", error);
  75 |     });"
/home/gabriel/Disk/Research/research-javascript-test-smells/repositories/html-webpack-plugin/spec/caching.spec.js,Magic Number,"{'line': 112, 'column': 15, 'index': 3290}","  110 |         expect(
  111 |           htmlWebpackPlugin.evaluateCompilationResult.mock.calls.length,
> 112 |         ).toBe(1);
      |               ^ Magic Number
  113 |         // Verify that the child compilation was executed twice
  114 |         expect(htmlWebpackPlugin.childCompilerHash).toBe(childCompilerHash);
  115 |       })"
/home/gabriel/Disk/Research/research-javascript-test-smells/repositories/html-webpack-plugin/spec/caching.spec.js,Magic Number,"{'line': 138, 'column': 60, 'index': 4280}","  136 |         expectNoErrors(stats);
  137 |         // Verify that only one file was built
> 138 |         expect(getCompiledModuleCount(stats.toJson())).toBe(1);
      |                                                            ^ Magic Number
  139 |         // Verify that the html was processed only during the initial build
  140 |         expect(
  141 |           htmlWebpackPlugin.evaluateCompilationResult.mock.calls.length,"
/home/gabriel/Disk/Research/research-javascript-test-smells/repositories/html-webpack-plugin/spec/caching.spec.js,Magic Number,"{'line': 142, 'column': 15, 'index': 4464}","  140 |         expect(
  141 |           htmlWebpackPlugin.evaluateCompilationResult.mock.calls.length,
> 142 |         ).toBe(1);
      |               ^ Magic Number
  143 |         // Verify that the child compilation was executed only once
  144 |         expect(htmlWebpackPlugin.childCompilerHash).toBe(childCompilerHash);
  145 |       })"
/home/gabriel/Disk/Research/research-javascript-test-smells/repositories/html-webpack-plugin/spec/caching.spec.js,Magic Number,"{'line': 170, 'column': 60, 'index': 5509}","  168 |         expectNoErrors(stats);
  169 |         // Verify that only one file was built
> 170 |         expect(getCompiledModuleCount(stats.toJson())).toBe(1);
      |                                                            ^ Magic Number
  171 |         // Verify that the html was processed on every run
  172 |         expect(
  173 |           htmlWebpackPlugin.evaluateCompilationResult.mock.calls.length,"
/home/gabriel/Disk/Research/research-javascript-test-smells/repositories/html-webpack-plugin/spec/caching.spec.js,Magic Number,"{'line': 174, 'column': 15, 'index': 5676}","  172 |         expect(
  173 |           htmlWebpackPlugin.evaluateCompilationResult.mock.calls.length,
> 174 |         ).toBe(2);
      |               ^ Magic Number
  175 |         // Verify that the child compilation was executed only once
  176 |         expect(htmlWebpackPlugin.childCompilerHash).toBe(childCompilerHash);
  177 |       })"
/home/gabriel/Disk/Research/research-javascript-test-smells/repositories/html-webpack-plugin/spec/caching.spec.js,Magic Number,"{'line': 199, 'column': 60, 'index': 6593}","  197 |         expectNoErrors(stats);
  198 |         // Verify that only one file was built
> 199 |         expect(getCompiledModuleCount(stats.toJson())).toBe(1);
      |                                                            ^ Magic Number
  200 |         // Verify that the html was processed twice
  201 |         expect(
  202 |           htmlWebpackPlugin.evaluateCompilationResult.mock.calls.length,"
/home/gabriel/Disk/Research/research-javascript-test-smells/repositories/html-webpack-plugin/spec/caching.spec.js,Magic Number,"{'line': 203, 'column': 15, 'index': 6753}","  201 |         expect(
  202 |           htmlWebpackPlugin.evaluateCompilationResult.mock.calls.length,
> 203 |         ).toBe(2);
      |               ^ Magic Number
  204 |
  205 |         const [evaluateCompilationResultArgs1, evaluateCompilationResultArgs2] =
  206 |           htmlWebpackPlugin.evaluateCompilationResult.mock.calls;"
/home/gabriel/Disk/Research/research-javascript-test-smells/repositories/html-webpack-plugin/spec/caching.spec.js,Magic Number,"{'line': 269, 'column': 45, 'index': 9062}","  267 |           (multiCompileRunDurationInNs / singleCompileRunDurationInNs) * 100;
  268 |
> 269 |         expect(speedComparison).toBeLessThan(260);
      |                                             ^ Magic Number
  270 |         done();
  271 |       });
  272 |   });"
/home/gabriel/Disk/Research/research-javascript-test-smells/repositories/html-webpack-plugin/spec/caching.spec.js,Magic Number,"{'line': 315, 'column': 15, 'index': 10687}","  313 |         expect(
  314 |           htmlWebpackPlugin.evaluateCompilationResult.mock.calls.length,
> 315 |         ).toBe(3);
      |               ^ Magic Number
  316 |       })
  317 |       .then(() => compiler.stopWatching())
  318 |       .then(done);"
/home/gabriel/Disk/Research/research-javascript-test-smells/repositories/html-webpack-plugin/spec/basic.spec.js,Conditional Test Logic,"{'line': 20, 'column': 0, 'index': 532}","  18 |   process.platform === ""win32"" || process.platform === ""win64"" ? it.skip : it;
  19 |
> 20 | if (isNaN(webpackMajorVersion)) {
  21 |   throw new Error(""Cannot parse webpack major version"");
  22 | }
  23 |"
/home/gabriel/Disk/Research/research-javascript-test-smells/repositories/html-webpack-plugin/spec/basic.spec.js,Conditional Test Logic,"{'line': 43, 'column': 4, 'index': 1141}","  41 |     expect(err).toBeFalsy();
  42 |     const compilationErrors = (stats.compilation.errors || []).join(""\n"");
> 43 |     if (expectErrors) {
     |    ^ Conditional Test Logic
  44 |       expect(compilationErrors).not.toBe("""");
  45 |     } else {
  46 |       expect(compilationErrors).toBe("""");"
/home/gabriel/Disk/Research/research-javascript-test-smells/repositories/html-webpack-plugin/spec/basic.spec.js,Conditional Test Logic,"{'line': 49, 'column': 4, 'index': 1351}","  47 |     }
  48 |     const compilationWarnings = (stats.compilation.warnings || []).join(""\n"");
> 49 |     if (expectWarnings) {
     |    ^ Conditional Test Logic
  50 |       expect(compilationWarnings).not.toBe("""");
  51 |     } else {
  52 |       expect(compilationWarnings).toBe("""");"
/home/gabriel/Disk/Research/research-javascript-test-smells/repositories/html-webpack-plugin/spec/basic.spec.js,Conditional Test Logic,"{'line': 54, 'column': 4, 'index': 1488}","  52 |       expect(compilationWarnings).toBe("""");
  53 |     }
> 54 |     if (outputFile instanceof RegExp) {
     |    ^ Conditional Test Logic
  55 |       const fileNames = Object.keys(stats.compilation.assets);
  56 |       const matches = Object.keys(stats.compilation.assets).filter((item) =>
  57 |         outputFile.test(item),"
/home/gabriel/Disk/Research/research-javascript-test-smells/repositories/html-webpack-plugin/spec/basic.spec.js,Conditional Test Logic,"{'line': 65, 'column': 4, 'index': 1987}","  63 |     const outputFileExists = fs.existsSync(path.join(OUTPUT_DIR, outputFile));
  64 |     expect(outputFileExists).toBe(true);
> 65 |     if (!outputFileExists) {
     |    ^ Conditional Test Logic
  66 |       return done();
  67 |     }
  68 |     const htmlContent = fs"
/home/gabriel/Disk/Research/research-javascript-test-smells/repositories/html-webpack-plugin/spec/basic.spec.js,Conditional Test Logic,"{'line': 72, 'column': 4, 'index': 2164}","  70 |       .toString();
  71 |     let chunksInfo;
> 72 |     for (let i = 0; i < expectedResults.length; i++) {
     |    ^ Conditional Test Logic
  73 |       const expectedResult = expectedResults[i];
  74 |       if (expectedResult instanceof RegExp) {
  75 |         expect(htmlContent).toMatch(expectedResult);"
/home/gabriel/Disk/Research/research-javascript-test-smells/repositories/html-webpack-plugin/spec/basic.spec.js,Conditional Test Logic,"{'line': 74, 'column': 6, 'index': 2270}","  72 |     for (let i = 0; i < expectedResults.length; i++) {
  73 |       const expectedResult = expectedResults[i];
> 74 |       if (expectedResult instanceof RegExp) {
     |      ^ Conditional Test Logic
  75 |         expect(htmlContent).toMatch(expectedResult);
  76 |       } else if (typeof expectedResult === ""object"") {
  77 |         if (expectedResult.type === ""chunkhash"") {"
/home/gabriel/Disk/Research/research-javascript-test-smells/repositories/html-webpack-plugin/spec/basic.spec.js,Conditional Test Logic,"{'line': 76, 'column': 13, 'index': 2376}","  74 |       if (expectedResult instanceof RegExp) {
  75 |         expect(htmlContent).toMatch(expectedResult);
> 76 |       } else if (typeof expectedResult === ""object"") {
     |             ^ Conditional Test Logic
  77 |         if (expectedResult.type === ""chunkhash"") {
  78 |           if (!chunksInfo) {
  79 |             chunksInfo = getChunksInfoFromStats(stats);"
/home/gabriel/Disk/Research/research-javascript-test-smells/repositories/html-webpack-plugin/spec/basic.spec.js,Conditional Test Logic,"{'line': 77, 'column': 8, 'index': 2426}","  75 |         expect(htmlContent).toMatch(expectedResult);
  76 |       } else if (typeof expectedResult === ""object"") {
> 77 |         if (expectedResult.type === ""chunkhash"") {
     |        ^ Conditional Test Logic
  78 |           if (!chunksInfo) {
  79 |             chunksInfo = getChunksInfoFromStats(stats);
  80 |           }"
/home/gabriel/Disk/Research/research-javascript-test-smells/repositories/html-webpack-plugin/spec/basic.spec.js,Conditional Test Logic,"{'line': 78, 'column': 10, 'index': 2479}","  76 |       } else if (typeof expectedResult === ""object"") {
  77 |         if (expectedResult.type === ""chunkhash"") {
> 78 |           if (!chunksInfo) {
     |          ^ Conditional Test Logic
  79 |             chunksInfo = getChunksInfoFromStats(stats);
  80 |           }
  81 |           const chunkhash = chunksInfo[expectedResult.chunkName].hash;"
/home/gabriel/Disk/Research/research-javascript-test-smells/repositories/html-webpack-plugin/spec/basic.spec.js,Conditional Test Logic,"{'line': 99, 'column': 2, 'index': 3061}","   97 |   const chunks = stats.compilation.getStats().toJson().chunks;
   98 |   const chunksInfo = {};
>  99 |   for (let i = 0; i < chunks.length; i++) {
      |  ^ Conditional Test Logic
  100 |     const chunk = chunks[i];
  101 |     const chunkName = chunk.names[0];
  102 |     if (chunkName) {"
/home/gabriel/Disk/Research/research-javascript-test-smells/repositories/html-webpack-plugin/spec/basic.spec.js,Conditional Test Logic,"{'line': 102, 'column': 4, 'index': 3174}","  100 |     const chunk = chunks[i];
  101 |     const chunkName = chunk.names[0];
> 102 |     if (chunkName) {
      |    ^ Conditional Test Logic
  103 |       chunksInfo[chunkName] = chunk;
  104 |     }
  105 |   }"
/home/gabriel/Disk/Research/research-javascript-test-smells/repositories/html-webpack-plugin/spec/basic.spec.js,Conditional Test Logic,"{'line': 1662, 'column': 18, 'index': 43207}","  1660 |               pluginArgs.assetTags.scripts = pluginArgs.assetTags.scripts.map(
  1661 |                 (tag) => {
> 1662 |                   if (tag.tagName === ""script"") {
       |                  ^ Conditional Test Logic
  1663 |                     tag.attributes.specialAttribute = true;
  1664 |                   }
  1665 |                   return tag;"
/home/gabriel/Disk/Research/research-javascript-test-smells/repositories/html-webpack-plugin/spec/basic.spec.js,Conditional Test Logic,"{'line': 1707, 'column': 18, 'index': 44504}","  1705 |               pluginArgs.assetTags.scripts = pluginArgs.assetTags.scripts.map(
  1706 |                 (tag) => {
> 1707 |                   if (tag.tagName === ""script"") {
       |                  ^ Conditional Test Logic
  1708 |                     tag.attributes.async = false;
  1709 |                   }
  1710 |                   return tag;"
/home/gabriel/Disk/Research/research-javascript-test-smells/repositories/html-webpack-plugin/spec/basic.spec.js,Conditional Test Logic,"{'line': 1750, 'column': 18, 'index': 45751}","  1748 |               pluginArgs.assetTags.scripts = pluginArgs.assetTags.scripts.map(
  1749 |                 (tag) => {
> 1750 |                   if (tag.tagName === ""script"") {
       |                  ^ Conditional Test Logic
  1751 |                     tag.attributes.async = null;
  1752 |                   }
  1753 |                   return tag;"
/home/gabriel/Disk/Research/research-javascript-test-smells/repositories/html-webpack-plugin/spec/basic.spec.js,Conditional Test Logic,"{'line': 1793, 'column': 18, 'index': 47002}","  1791 |               pluginArgs.assetTags.scripts = pluginArgs.assetTags.scripts.map(
  1792 |                 (tag) => {
> 1793 |                   if (tag.tagName === ""script"") {
       |                  ^ Conditional Test Logic
  1794 |                     tag.attributes.async = undefined;
  1795 |                   }
  1796 |                   return tag;"
/home/gabriel/Disk/Research/research-javascript-test-smells/repositories/html-webpack-plugin/spec/basic.spec.js,Conditional Test Logic,"{'line': 2962, 'column': 14, 'index': 79081}","  2960 |           new HtmlWebpackPlugin({
  2961 |             chunksSortMode: function (a, b) {
> 2962 |               if (a < b) {
       |              ^ Conditional Test Logic
  2963 |                 return 1;
  2964 |               }
  2965 |               if (a > b) {"
/home/gabriel/Disk/Research/research-javascript-test-smells/repositories/html-webpack-plugin/spec/basic.spec.js,Conditional Test Logic,"{'line': 2965, 'column': 14, 'index': 79150}","  2963 |                 return 1;
  2964 |               }
> 2965 |               if (a > b) {
       |              ^ Conditional Test Logic
  2966 |                 return -1;
  2967 |               }
  2968 |               return 0;"
/home/gabriel/Disk/Research/research-javascript-test-smells/repositories/html-webpack-plugin/spec/basic.spec.js,Magic Number,"{'line': 2451, 'column': 36, 'index': 65874}","  2449 |       null,
  2450 |       () => {
> 2451 |         expect(hookLength).not.toBe(0);
       |                                    ^ Magic Number
  2452 |         expect(eventsFired).toEqual(hookCallOrder);
  2453 |         done();
  2454 |       },"
/home/gabriel/Disk/Research/research-javascript-test-smells/repositories/html-webpack-plugin/spec/basic.spec.js,Mystery Guest,"{'column': 21, 'line': 594}","  592 |           new HtmlWebpackPlugin({
  593 |             templateContent: function () {
> 594 |               return fs.readFileSync(
      |                     ^ Mystery Guest
  595 |                 path.join(__dirname, ""fixtures/plain.html""),
  596 |                 ""utf8"",
  597 |               );"
/home/gabriel/Disk/Research/research-javascript-test-smells/repositories/html-webpack-plugin/spec/basic.spec.js,Mystery Guest,"{'column': 15, 'line': 1536}","  1534 |       null,
  1535 |       () => {
> 1536 |         expect(fs.existsSync(path.join(OUTPUT_DIR, ""second-file.html""))).toBe(
       |               ^ Mystery Guest
  1537 |           true,
  1538 |         );
  1539 |         expect(fs.existsSync(path.join(OUTPUT_DIR, ""third-file.html""))).toBe("
/home/gabriel/Disk/Research/research-javascript-test-smells/repositories/html-webpack-plugin/spec/basic.spec.js,Mystery Guest,"{'column': 15, 'line': 1539}","  1537 |           true,
  1538 |         );
> 1539 |         expect(fs.existsSync(path.join(OUTPUT_DIR, ""third-file.html""))).toBe(
       |               ^ Mystery Guest
  1540 |           true,
  1541 |         );
  1542 |         done();"
/home/gabriel/Disk/Research/research-javascript-test-smells/repositories/html-webpack-plugin/spec/basic.spec.js,Unknown Test,"{'column': 2, 'line': 114}","  112 |   });
  113 |
> 114 |   it(""generates a default index.html file for a single entry point"", (done) => {
      |  ^ Unknown Test
  115 |     testHtmlPlugin(
  116 |       {
  117 |         mode: ""production"","
/home/gabriel/Disk/Research/research-javascript-test-smells/repositories/html-webpack-plugin/spec/basic.spec.js,Unknown Test,"{'column': 2, 'line': 131}","  129 |   });
  130 |
> 131 |   it(""properly encodes file names in emitted URIs"", (done) => {
      |  ^ Unknown Test
  132 |     testHtmlPlugin(
  133 |       {
  134 |         mode: ""production"","
/home/gabriel/Disk/Research/research-javascript-test-smells/repositories/html-webpack-plugin/spec/basic.spec.js,Unknown Test,"{'column': 2, 'line': 173}","  171 |   );
  172 |
> 173 |   it(""generates a default index.html file with multiple entry points"", (done) => {
      |  ^ Unknown Test
  174 |     testHtmlPlugin(
  175 |       {
  176 |         mode: ""production"","
/home/gabriel/Disk/Research/research-javascript-test-smells/repositories/html-webpack-plugin/spec/basic.spec.js,Unknown Test,"{'column': 2, 'line': 196}","  194 |   });
  195 |
> 196 |   it(""allows you to specify a custom loader without injection"", (done) => {
      |  ^ Unknown Test
  197 |     testHtmlPlugin(
  198 |       {
  199 |         mode: ""production"","
/home/gabriel/Disk/Research/research-javascript-test-smells/repositories/html-webpack-plugin/spec/basic.spec.js,Unknown Test,"{'column': 2, 'line': 221}","  219 |   });
  220 |
> 221 |   it(""should pass through loader errors"", (done) => {
      |  ^ Unknown Test
  222 |     testHtmlPlugin(
  223 |       {
  224 |         mode: ""production"","
/home/gabriel/Disk/Research/research-javascript-test-smells/repositories/html-webpack-plugin/spec/basic.spec.js,Unknown Test,"{'column': 2, 'line': 249}","  247 |   });
  248 |
> 249 |   it(""uses a custom loader from webpack config"", (done) => {
      |  ^ Unknown Test
  250 |     testHtmlPlugin(
  251 |       {
  252 |         mode: ""production"","
/home/gabriel/Disk/Research/research-javascript-test-smells/repositories/html-webpack-plugin/spec/basic.spec.js,Unknown Test,"{'column': 2, 'line': 276}","  274 |   });
  275 |
> 276 |   it(""works when using html-loader"", (done) => {
      |  ^ Unknown Test
  277 |     testHtmlPlugin(
  278 |       {
  279 |         mode: ""production"","
/home/gabriel/Disk/Research/research-javascript-test-smells/repositories/html-webpack-plugin/spec/basic.spec.js,Unknown Test,"{'column': 2, 'line': 301}","  299 |   });
  300 |
> 301 |   it(""allows you to specify your own HTML template file"", (done) => {
      |  ^ Unknown Test
  302 |     testHtmlPlugin(
  303 |       {
  304 |         mode: ""production"","
/home/gabriel/Disk/Research/research-javascript-test-smells/repositories/html-webpack-plugin/spec/basic.spec.js,Unknown Test,"{'column': 2, 'line': 325}","  323 |   });
  324 |
> 325 |   it(""allows to use a function to map entry names to filenames"", (done) => {
      |  ^ Unknown Test
  326 |     testHtmlPlugin(
  327 |       {
  328 |         mode: ""production"","
/home/gabriel/Disk/Research/research-javascript-test-smells/repositories/html-webpack-plugin/spec/basic.spec.js,Unknown Test,"{'column': 2, 'line': 348}","  346 |   });
  347 |
> 348 |   it(""allows to use [name] for file names"", (done) => {
      |  ^ Unknown Test
  349 |     testHtmlPlugin(
  350 |       {
  351 |         mode: ""production"","
/home/gabriel/Disk/Research/research-javascript-test-smells/repositories/html-webpack-plugin/spec/basic.spec.js,Unknown Test,"{'column': 2, 'line': 371}","  369 |   });
  370 |
> 371 |   it(""picks up src/index.ejs by default"", (done) => {
      |  ^ Unknown Test
  372 |     testHtmlPlugin(
  373 |       {
  374 |         mode: ""production"","
/home/gabriel/Disk/Research/research-javascript-test-smells/repositories/html-webpack-plugin/spec/basic.spec.js,Unknown Test,"{'column': 2, 'line': 391}","  389 |   });
  390 |
> 391 |   it(""allows you to inject the assets into a given html file"", (done) => {
      |  ^ Unknown Test
  392 |     testHtmlPlugin(
  393 |       {
  394 |         mode: ""production"","
/home/gabriel/Disk/Research/research-javascript-test-smells/repositories/html-webpack-plugin/spec/basic.spec.js,Unknown Test,"{'column': 2, 'line': 419}","  417 |   });
  418 |
> 419 |   it(""allows you to inject the assets into the body of the given template"", (done) => {
      |  ^ Unknown Test
  420 |     testHtmlPlugin(
  421 |       {
  422 |         mode: ""production"","
/home/gabriel/Disk/Research/research-javascript-test-smells/repositories/html-webpack-plugin/spec/basic.spec.js,Unknown Test,"{'column': 2, 'line': 447}","  445 |   });
  446 |
> 447 |   it(""allows you to inject the assets into the head of the given template"", (done) => {
      |  ^ Unknown Test
  448 |     testHtmlPlugin(
  449 |       {
  450 |         mode: ""production"","
/home/gabriel/Disk/Research/research-javascript-test-smells/repositories/html-webpack-plugin/spec/basic.spec.js,Unknown Test,"{'column': 2, 'line': 475}","  473 |   });
  474 |
> 475 |   it(""allows you to inject a specified asset into a given html file"", (done) => {
      |  ^ Unknown Test
  476 |     testHtmlPlugin(
  477 |       {
  478 |         mode: ""production"","
/home/gabriel/Disk/Research/research-javascript-test-smells/repositories/html-webpack-plugin/spec/basic.spec.js,Unknown Test,"{'column': 2, 'line': 501}","  499 |   });
  500 |
> 501 |   it(""allows you to inject a specified asset into a given html file"", (done) => {
      |  ^ Unknown Test
  502 |     testHtmlPlugin(
  503 |       {
  504 |         mode: ""production"","
/home/gabriel/Disk/Research/research-javascript-test-smells/repositories/html-webpack-plugin/spec/basic.spec.js,Unknown Test,"{'column': 2, 'line': 527}","  525 |   });
  526 |
> 527 |   it(""allows you to use chunkhash with asset into a given html file"", (done) => {
      |  ^ Unknown Test
  528 |     testHtmlPlugin(
  529 |       {
  530 |         mode: ""production"","
/home/gabriel/Disk/Research/research-javascript-test-smells/repositories/html-webpack-plugin/spec/basic.spec.js,Unknown Test,"{'column': 2, 'line': 557}","  555 |   });
  556 |
> 557 |   it(""allows you to disable injection"", (done) => {
      |  ^ Unknown Test
  558 |     testHtmlPlugin(
  559 |       {
  560 |         mode: ""production"","
/home/gabriel/Disk/Research/research-javascript-test-smells/repositories/html-webpack-plugin/spec/basic.spec.js,Unknown Test,"{'column': 2, 'line': 582}","  580 |   });
  581 |
> 582 |   it(""allows you to specify your own HTML template function"", (done) => {
      |  ^ Unknown Test
  583 |     testHtmlPlugin(
  584 |       {
  585 |         mode: ""production"","
/home/gabriel/Disk/Research/research-javascript-test-smells/repositories/html-webpack-plugin/spec/basic.spec.js,Unknown Test,"{'column': 2, 'line': 608}","  606 |   });
  607 |
> 608 |   it(""works with source maps"", (done) => {
      |  ^ Unknown Test
  609 |     testHtmlPlugin(
  610 |       {
  611 |         mode: ""development"","
/home/gabriel/Disk/Research/research-javascript-test-smells/repositories/html-webpack-plugin/spec/basic.spec.js,Unknown Test,"{'column': 2, 'line': 626}","  624 |   });
  625 |
> 626 |   it(""handles hashes in bundle filenames"", (done) => {
      |  ^ Unknown Test
  627 |     testHtmlPlugin(
  628 |       {
  629 |         mode: ""production"","
/home/gabriel/Disk/Research/research-javascript-test-smells/repositories/html-webpack-plugin/spec/basic.spec.js,Unknown Test,"{'column': 2, 'line': 643}","  641 |   });
  642 |
> 643 |   it(""handles hashes in the directory which has the bundle file"", (done) => {
      |  ^ Unknown Test
  644 |     testHtmlPlugin(
  645 |       {
  646 |         mode: ""production"","
/home/gabriel/Disk/Research/research-javascript-test-smells/repositories/html-webpack-plugin/spec/basic.spec.js,Unknown Test,"{'column': 2, 'line': 663}","  661 |   });
  662 |
> 663 |   it(""allows to append hashes to the assets"", (done) => {
      |  ^ Unknown Test
  664 |     testHtmlPlugin(
  665 |       {
  666 |         mode: ""production"","
/home/gabriel/Disk/Research/research-javascript-test-smells/repositories/html-webpack-plugin/spec/basic.spec.js,Unknown Test,"{'column': 2, 'line': 680}","  678 |   });
  679 |
> 680 |   it(""allows to append hashes to the assets"", (done) => {
      |  ^ Unknown Test
  681 |     testHtmlPlugin(
  682 |       {
  683 |         mode: ""production"","
/home/gabriel/Disk/Research/research-javascript-test-smells/repositories/html-webpack-plugin/spec/basic.spec.js,Unknown Test,"{'column': 2, 'line': 697}","  695 |   });
  696 |
> 697 |   it(""should work with the css extract plugin"", (done) => {
      |  ^ Unknown Test
  698 |     testHtmlPlugin(
  699 |       {
  700 |         mode: ""production"","
/home/gabriel/Disk/Research/research-javascript-test-smells/repositories/html-webpack-plugin/spec/basic.spec.js,Unknown Test,"{'column': 2, 'line': 725}","  723 |   });
  724 |
> 725 |   it(""works with a javascript returning loader like raw-loader"", (done) => {
      |  ^ Unknown Test
  726 |     testHtmlPlugin(
  727 |       {
  728 |         mode: ""production"","
/home/gabriel/Disk/Research/research-javascript-test-smells/repositories/html-webpack-plugin/spec/basic.spec.js,Unknown Test,"{'column': 2, 'line': 753}","  751 |   });
  752 |
> 753 |   it(""should work with the css extract plugin on windows and protocol relative urls support (#205)"", (done) => {
      |  ^ Unknown Test
  754 |     testHtmlPlugin(
  755 |       {
  756 |         mode: ""production"","
/home/gabriel/Disk/Research/research-javascript-test-smells/repositories/html-webpack-plugin/spec/basic.spec.js,Unknown Test,"{'column': 2, 'line': 782}","  780 |   });
  781 |
> 782 |   it(""should allow to add cache hashes to with the css assets"", (done) => {
      |  ^ Unknown Test
  783 |     testHtmlPlugin(
  784 |       {
  785 |         mode: ""production"","
/home/gabriel/Disk/Research/research-javascript-test-smells/repositories/html-webpack-plugin/spec/basic.spec.js,Unknown Test,"{'column': 2, 'line': 814}","  812 |   });
  813 |
> 814 |   it(""should allow to add cache hashes to with the css assets"", (done) => {
      |  ^ Unknown Test
  815 |     testHtmlPlugin(
  816 |       {
  817 |         mode: ""production"","
/home/gabriel/Disk/Research/research-javascript-test-smells/repositories/html-webpack-plugin/spec/basic.spec.js,Unknown Test,"{'column': 2, 'line': 843}","  841 |   });
  842 |
> 843 |   it(""should allow to add cache hashes to with the css assets"", (done) => {
      |  ^ Unknown Test
  844 |     testHtmlPlugin(
  845 |       {
  846 |         mode: ""production"","
/home/gabriel/Disk/Research/research-javascript-test-smells/repositories/html-webpack-plugin/spec/basic.spec.js,Unknown Test,"{'column': 2, 'line': 872}","  870 |   });
  871 |
> 872 |   it(""should allow to add cache hashes to with the css assets"", (done) => {
      |  ^ Unknown Test
  873 |     testHtmlPlugin(
  874 |       {
  875 |         mode: ""production"","
/home/gabriel/Disk/Research/research-javascript-test-smells/repositories/html-webpack-plugin/spec/basic.spec.js,Unknown Test,"{'column': 2, 'line': 900}","  898 |   });
  899 |
> 900 |   it(""should allow to add cache hashes to with the css assets"", (done) => {
      |  ^ Unknown Test
  901 |     testHtmlPlugin(
  902 |       {
  903 |         mode: ""production"","
/home/gabriel/Disk/Research/research-javascript-test-smells/repositories/html-webpack-plugin/spec/basic.spec.js,Unknown Test,"{'column': 2, 'line': 931}","  929 |   });
  930 |
> 931 |   it(""should inject css files when using the extract text plugin"", (done) => {
      |  ^ Unknown Test
  932 |     testHtmlPlugin(
  933 |       {
  934 |         mode: ""production"","
/home/gabriel/Disk/Research/research-javascript-test-smells/repositories/html-webpack-plugin/spec/basic.spec.js,Unknown Test,"{'column': 2, 'line': 959}","  957 |   });
  958 |
> 959 |   it(""should allow to add cache hashes to with injected css assets"", (done) => {
      |  ^ Unknown Test
  960 |     testHtmlPlugin(
  961 |       {
  962 |         mode: ""production"","
/home/gabriel/Disk/Research/research-javascript-test-smells/repositories/html-webpack-plugin/spec/basic.spec.js,Unknown Test,"{'column': 2, 'line': 987}","  985 |   });
  986 |
> 987 |   it(""should output xhtml link stylesheet tag"", (done) => {
      |  ^ Unknown Test
  988 |     testHtmlPlugin(
  989 |       {
  990 |         mode: ""production"","
/home/gabriel/Disk/Research/research-javascript-test-smells/repositories/html-webpack-plugin/spec/basic.spec.js,Unknown Test,"{'column': 2, 'line': 1020}","  1018 |   });
  1019 |
> 1020 |   it(""prepends the publicPath to function"", (done) => {
       |  ^ Unknown Test
  1021 |     testHtmlPlugin(
  1022 |       {
  1023 |         mode: ""production"","
/home/gabriel/Disk/Research/research-javascript-test-smells/repositories/html-webpack-plugin/spec/basic.spec.js,Unknown Test,"{'column': 2, 'line': 1040}","  1038 |   });
  1039 |
> 1040 |   it(""prepends the publicPath to /some/"", (done) => {
       |  ^ Unknown Test
  1041 |     testHtmlPlugin(
  1042 |       {
  1043 |         mode: ""production"","
/home/gabriel/Disk/Research/research-javascript-test-smells/repositories/html-webpack-plugin/spec/basic.spec.js,Unknown Test,"{'column': 2, 'line': 1058}","  1056 |   });
  1057 |
> 1058 |   it(""prepends the publicPath to /some"", (done) => {
       |  ^ Unknown Test
  1059 |     testHtmlPlugin(
  1060 |       {
  1061 |         mode: ""production"","
/home/gabriel/Disk/Research/research-javascript-test-smells/repositories/html-webpack-plugin/spec/basic.spec.js,Unknown Test,"{'column': 2, 'line': 1076}","  1074 |   });
  1075 |
> 1076 |   it(""prepends the publicPath to /some"", (done) => {
       |  ^ Unknown Test
  1077 |     testHtmlPlugin(
  1078 |       {
  1079 |         mode: ""production"","
/home/gabriel/Disk/Research/research-javascript-test-smells/repositories/html-webpack-plugin/spec/basic.spec.js,Unknown Test,"{'column': 2, 'line': 1094}","  1092 |   });
  1093 |
> 1094 |   it(""prepends the publicPath to undefined"", (done) => {
       |  ^ Unknown Test
  1095 |     testHtmlPlugin(
  1096 |       {
  1097 |         mode: ""production"","
/home/gabriel/Disk/Research/research-javascript-test-smells/repositories/html-webpack-plugin/spec/basic.spec.js,Unknown Test,"{'column': 2, 'line': 1111}","  1109 |   });
  1110 |
> 1111 |   it(""prepends the publicPath to undefined"", (done) => {
       |  ^ Unknown Test
  1112 |     testHtmlPlugin(
  1113 |       {
  1114 |         mode: ""production"","
/home/gabriel/Disk/Research/research-javascript-test-smells/repositories/html-webpack-plugin/spec/basic.spec.js,Unknown Test,"{'column': 2, 'line': 1132}","  1130 |   });
  1131 |
> 1132 |   it('prepends the publicPath to script defer=""defer"" src', (done) => {
       |  ^ Unknown Test
  1133 |     testHtmlPlugin(
  1134 |       {
  1135 |         mode: ""production"","
/home/gabriel/Disk/Research/research-javascript-test-smells/repositories/html-webpack-plugin/spec/basic.spec.js,Unknown Test,"{'column': 2, 'line': 1152}","  1150 |   });
  1151 |
> 1152 |   it(""handles subdirectories in the webpack output bundles"", (done) => {
       |  ^ Unknown Test
  1153 |     testHtmlPlugin(
  1154 |       {
  1155 |         mode: ""production"","
/home/gabriel/Disk/Research/research-javascript-test-smells/repositories/html-webpack-plugin/spec/basic.spec.js,Unknown Test,"{'column': 2, 'line': 1170}","  1168 |   });
  1169 |
> 1170 |   it(""allows to set public path to an empty string"", (done) => {
       |  ^ Unknown Test
  1171 |     testHtmlPlugin(
  1172 |       {
  1173 |         mode: ""production"","
/home/gabriel/Disk/Research/research-javascript-test-smells/repositories/html-webpack-plugin/spec/basic.spec.js,Unknown Test,"{'column': 2, 'line': 1192}","  1190 |   });
  1191 |
> 1192 |   it(""allows to set the html-webpack-plugin public path to an empty string"", (done) => {
       |  ^ Unknown Test
  1193 |     testHtmlPlugin(
  1194 |       {
  1195 |         mode: ""production"","
/home/gabriel/Disk/Research/research-javascript-test-smells/repositories/html-webpack-plugin/spec/basic.spec.js,Unknown Test,"{'column': 2, 'line': 1215}","  1213 |   });
  1214 |
> 1215 |   it(""handles subdirectories in the webpack output bundles along with a relative path"", (done) => {
       |  ^ Unknown Test
  1216 |     testHtmlPlugin(
  1217 |       {
  1218 |         mode: ""production"","
/home/gabriel/Disk/Research/research-javascript-test-smells/repositories/html-webpack-plugin/spec/basic.spec.js,Unknown Test,"{'column': 2, 'line': 1232}","  1230 |   });
  1231 |
> 1232 |   it(""handles subdirectories in the webpack output bundles along with a relative path"", (done) => {
       |  ^ Unknown Test
  1233 |     testHtmlPlugin(
  1234 |       {
  1235 |         mode: ""production"","
/home/gabriel/Disk/Research/research-javascript-test-smells/repositories/html-webpack-plugin/spec/basic.spec.js,Unknown Test,"{'column': 2, 'line': 1253}","  1251 |   });
  1252 |
> 1253 |   it(""handles subdirectories in the webpack output bundles along with a absolute path"", (done) => {
       |  ^ Unknown Test
  1254 |     testHtmlPlugin(
  1255 |       {
  1256 |         mode: ""production"","
/home/gabriel/Disk/Research/research-javascript-test-smells/repositories/html-webpack-plugin/spec/basic.spec.js,Unknown Test,"{'column': 2, 'line': 1273}","  1271 |   });
  1272 |
> 1273 |   it(""allows you to configure the title of the generated HTML page"", (done) => {
       |  ^ Unknown Test
  1274 |     testHtmlPlugin(
  1275 |       {
  1276 |         mode: ""production"","
/home/gabriel/Disk/Research/research-javascript-test-smells/repositories/html-webpack-plugin/spec/basic.spec.js,Unknown Test,"{'column': 2, 'line': 1290}","  1288 |   });
  1289 |
> 1290 |   it(""allows you to configure the output filename"", (done) => {
       |  ^ Unknown Test
  1291 |     testHtmlPlugin(
  1292 |       {
  1293 |         mode: ""production"","
/home/gabriel/Disk/Research/research-javascript-test-smells/repositories/html-webpack-plugin/spec/basic.spec.js,Unknown Test,"{'column': 2, 'line': 1307}","  1305 |   });
  1306 |
> 1307 |   it(""will replace [hash] in the filename with the child compilation hash"", (done) => {
       |  ^ Unknown Test
  1308 |     testHtmlPlugin(
  1309 |       {
  1310 |         mode: ""production"","
/home/gabriel/Disk/Research/research-javascript-test-smells/repositories/html-webpack-plugin/spec/basic.spec.js,Unknown Test,"{'column': 2, 'line': 1328}","  1326 |   });
  1327 |
> 1328 |   it(""should work with hash options provided in output options"", (done) => {
       |  ^ Unknown Test
  1329 |     testHtmlPlugin(
  1330 |       {
  1331 |         mode: ""production"","
/home/gabriel/Disk/Research/research-javascript-test-smells/repositories/html-webpack-plugin/spec/basic.spec.js,Unknown Test,"{'column': 2, 'line': 1350}","  1348 |   });
  1349 |
> 1350 |   it(""should allow filename in the format of [contenthash:<length>]"", (done) => {
       |  ^ Unknown Test
  1351 |     testHtmlPlugin(
  1352 |       {
  1353 |         mode: ""production"","
/home/gabriel/Disk/Research/research-javascript-test-smells/repositories/html-webpack-plugin/spec/basic.spec.js,Unknown Test,"{'column': 2, 'line': 1371}","  1369 |   });
  1370 |
> 1371 |   it(""will replace [contenthash] in the filename with a content hash of 32 hex characters"", (done) => {
       |  ^ Unknown Test
  1372 |     testHtmlPlugin(
  1373 |       {
  1374 |         mode: ""production"","
/home/gabriel/Disk/Research/research-javascript-test-smells/repositories/html-webpack-plugin/spec/basic.spec.js,Unknown Test,"{'column': 2, 'line': 1392}","  1390 |   });
  1391 |
> 1392 |   it(""will replace [templatehash] in the filename with a content hash of 32 hex characters"", (done) => {
       |  ^ Unknown Test
  1393 |     testHtmlPlugin(
  1394 |       {
  1395 |         mode: ""production"","
/home/gabriel/Disk/Research/research-javascript-test-smells/repositories/html-webpack-plugin/spec/basic.spec.js,Unknown Test,"{'column': 2, 'line': 1413}","  1411 |   });
  1412 |
> 1413 |   it(""allows you to use an absolute output filename"", (done) => {
       |  ^ Unknown Test
  1414 |     testHtmlPlugin(
  1415 |       {
  1416 |         mode: ""production"","
/home/gabriel/Disk/Research/research-javascript-test-smells/repositories/html-webpack-plugin/spec/basic.spec.js,Unknown Test,"{'column': 2, 'line': 1434}","  1432 |   });
  1433 |
> 1434 |   it(""allows you to use an absolute output filename outside the output path"", (done) => {
       |  ^ Unknown Test
  1435 |     testHtmlPlugin(
  1436 |       {
  1437 |         mode: ""production"","
/home/gabriel/Disk/Research/research-javascript-test-smells/repositories/html-webpack-plugin/spec/basic.spec.js,Unknown Test,"{'column': 2, 'line': 1455}","  1453 |   });
  1454 |
> 1455 |   it(""allows you to use an relative output filename outside the output path"", (done) => {
       |  ^ Unknown Test
  1456 |     testHtmlPlugin(
  1457 |       {
  1458 |         mode: ""production"","
/home/gabriel/Disk/Research/research-javascript-test-smells/repositories/html-webpack-plugin/spec/basic.spec.js,Unknown Test,"{'column': 2, 'line': 1476}","  1474 |   });
  1475 |
> 1476 |   it(""will try to use a relative name if the filename is in a subdirectory"", (done) => {
       |  ^ Unknown Test
  1477 |     testHtmlPlugin(
  1478 |       {
  1479 |         mode: ""production"","
/home/gabriel/Disk/Research/research-javascript-test-smells/repositories/html-webpack-plugin/spec/basic.spec.js,Unknown Test,"{'column': 2, 'line': 1493}","  1491 |   });
  1492 |
> 1493 |   it('will try to use a relative name if the filename and the script defer=""defer"" are in a subdirectory', (done) => {
       |  ^ Unknown Test
  1494 |     testHtmlPlugin(
  1495 |       {
  1496 |         mode: ""production"","
/home/gabriel/Disk/Research/research-javascript-test-smells/repositories/html-webpack-plugin/spec/basic.spec.js,Unknown Test,"{'column': 2, 'line': 1547}","  1545 |   });
  1546 |
> 1547 |   it(""should inject js css files even if the html file is incomplete"", (done) => {
       |  ^ Unknown Test
  1548 |     testHtmlPlugin(
  1549 |       {
  1550 |         mode: ""production"","
/home/gabriel/Disk/Research/research-javascript-test-smells/repositories/html-webpack-plugin/spec/basic.spec.js,Unknown Test,"{'column': 2, 'line': 1580}","  1578 |   });
  1579 |
> 1580 |   it(""exposes the webpack configuration to templates"", (done) => {
       |  ^ Unknown Test
  1581 |     testHtmlPlugin(
  1582 |       {
  1583 |         mode: ""production"","
/home/gabriel/Disk/Research/research-javascript-test-smells/repositories/html-webpack-plugin/spec/basic.spec.js,Unknown Test,"{'column': 2, 'line': 1651}","  1649 |   });
  1650 |
> 1651 |   it(""allows events to add a no-value attribute"", (done) => {
       |  ^ Unknown Test
  1652 |     const examplePlugin = {
  1653 |       apply: function (compiler) {
  1654 |         compiler.hooks.compilation.tap(""HtmlWebpackPlugin"", (compilation) => {"
/home/gabriel/Disk/Research/research-javascript-test-smells/repositories/html-webpack-plugin/spec/basic.spec.js,Unknown Test,"{'column': 2, 'line': 1696}","  1694 |   });
  1695 |
> 1696 |   it(""allows events to remove an attribute by setting it to false"", (done) => {
       |  ^ Unknown Test
  1697 |     const examplePlugin = {
  1698 |       apply: function (compiler) {
  1699 |         compiler.hooks.compilation.tap(""HtmlWebpackPlugin"", (compilation) => {"
/home/gabriel/Disk/Research/research-javascript-test-smells/repositories/html-webpack-plugin/spec/basic.spec.js,Unknown Test,"{'column': 2, 'line': 1739}","  1737 |   });
  1738 |
> 1739 |   it(""allows events to remove an attribute by setting it to null"", (done) => {
       |  ^ Unknown Test
  1740 |     const examplePlugin = {
  1741 |       apply: function (compiler) {
  1742 |         compiler.hooks.compilation.tap(""HtmlWebpackPlugin"", (compilation) => {"
/home/gabriel/Disk/Research/research-javascript-test-smells/repositories/html-webpack-plugin/spec/basic.spec.js,Unknown Test,"{'column': 2, 'line': 1782}","  1780 |   });
  1781 |
> 1782 |   it(""allows events to remove an attribute by setting it to undefined"", (done) => {
       |  ^ Unknown Test
  1783 |     const examplePlugin = {
  1784 |       apply: function (compiler) {
  1785 |         compiler.hooks.compilation.tap(""HtmlWebpackPlugin"", (compilation) => {"
/home/gabriel/Disk/Research/research-javascript-test-smells/repositories/html-webpack-plugin/spec/basic.spec.js,Unknown Test,"{'column': 2, 'line': 2459}","  2457 |     );
  2458 |   });
> 2459 |   it(""works with commons chunk plugin"", (done) => {
       |  ^ Unknown Test
  2460 |     testHtmlPlugin(
  2461 |       {
  2462 |         mode: ""production"","
/home/gabriel/Disk/Research/research-javascript-test-smells/repositories/html-webpack-plugin/spec/basic.spec.js,Unknown Test,"{'column': 2, 'line': 2493}","  2491 |   });
  2492 |
> 2493 |   it(""adds a favicon"", (done) => {
       |  ^ Unknown Test
  2494 |     testHtmlPlugin(
  2495 |       {
  2496 |         mode: ""production"","
/home/gabriel/Disk/Research/research-javascript-test-smells/repositories/html-webpack-plugin/spec/basic.spec.js,Unknown Test,"{'column': 2, 'line': 2514}","  2512 |   });
  2513 |
> 2514 |   it(""adds a base tag with attributes"", (done) => {
       |  ^ Unknown Test
  2515 |     testHtmlPlugin(
  2516 |       {
  2517 |         mode: ""production"","
/home/gabriel/Disk/Research/research-javascript-test-smells/repositories/html-webpack-plugin/spec/basic.spec.js,Unknown Test,"{'column': 2, 'line': 2538}","  2536 |   });
  2537 |
> 2538 |   it(""adds a base tag short syntax"", (done) => {
       |  ^ Unknown Test
  2539 |     testHtmlPlugin(
  2540 |       {
  2541 |         mode: ""production"","
/home/gabriel/Disk/Research/research-javascript-test-smells/repositories/html-webpack-plugin/spec/basic.spec.js,Unknown Test,"{'column': 2, 'line': 2559}","  2557 |   });
  2558 |
> 2559 |   it(""adds a meta tag"", (done) => {
       |  ^ Unknown Test
  2560 |     testHtmlPlugin(
  2561 |       {
  2562 |         mode: ""production"","
/home/gabriel/Disk/Research/research-javascript-test-smells/repositories/html-webpack-plugin/spec/basic.spec.js,Unknown Test,"{'column': 2, 'line': 2588}","  2586 |   });
  2587 |
> 2588 |   it(""avoid duplicate meta tags for default template"", (done) => {
       |  ^ Unknown Test
  2589 |     testHtmlPlugin(
  2590 |       {
  2591 |         mode: ""production"","
/home/gabriel/Disk/Research/research-javascript-test-smells/repositories/html-webpack-plugin/spec/basic.spec.js,Unknown Test,"{'column': 2, 'line': 2608}","  2606 |   });
  2607 |
> 2608 |   it(""adds a meta tag with short notation"", (done) => {
       |  ^ Unknown Test
  2609 |     testHtmlPlugin(
  2610 |       {
  2611 |         mode: ""production"","
/home/gabriel/Disk/Research/research-javascript-test-smells/repositories/html-webpack-plugin/spec/basic.spec.js,Unknown Test,"{'column': 2, 'line': 2633}","  2631 |   });
  2632 |
> 2633 |   it(""adds a favicon with publicPath set to /some/"", (done) => {
       |  ^ Unknown Test
  2634 |     testHtmlPlugin(
  2635 |       {
  2636 |         mode: ""production"","
/home/gabriel/Disk/Research/research-javascript-test-smells/repositories/html-webpack-plugin/spec/basic.spec.js,Unknown Test,"{'column': 2, 'line': 2655}","  2653 |   });
  2654 |
> 2655 |   it(""adds a favicon with publicPath set to /some"", (done) => {
       |  ^ Unknown Test
  2656 |     testHtmlPlugin(
  2657 |       {
  2658 |         mode: ""production"","
/home/gabriel/Disk/Research/research-javascript-test-smells/repositories/html-webpack-plugin/spec/basic.spec.js,Unknown Test,"{'column': 2, 'line': 2677}","  2675 |   });
  2676 |
> 2677 |   it(""adds a favicon with publicPath set to some/"", (done) => {
       |  ^ Unknown Test
  2678 |     testHtmlPlugin(
  2679 |       {
  2680 |         mode: ""production"","
/home/gabriel/Disk/Research/research-javascript-test-smells/repositories/html-webpack-plugin/spec/basic.spec.js,Unknown Test,"{'column': 2, 'line': 2699}","  2697 |   });
  2698 |
> 2699 |   it(""adds a favicon with publicPath undefined"", (done) => {
       |  ^ Unknown Test
  2700 |     testHtmlPlugin(
  2701 |       {
  2702 |         mode: ""production"","
/home/gabriel/Disk/Research/research-javascript-test-smells/repositories/html-webpack-plugin/spec/basic.spec.js,Unknown Test,"{'column': 2, 'line': 2720}","  2718 |   });
  2719 |
> 2720 |   it(""adds a favicon with publicPath undefined"", (done) => {
       |  ^ Unknown Test
  2721 |     testHtmlPlugin(
  2722 |       {
  2723 |         mode: ""production"","
/home/gabriel/Disk/Research/research-javascript-test-smells/repositories/html-webpack-plugin/spec/basic.spec.js,Unknown Test,"{'column': 2, 'line': 2742}","  2740 |   });
  2741 |
> 2742 |   it(""adds a favicon with a publicPath set to /[hash]/ and replaces the hash"", (done) => {
       |  ^ Unknown Test
  2743 |     testHtmlPlugin(
  2744 |       {
  2745 |         mode: ""production"","
/home/gabriel/Disk/Research/research-javascript-test-smells/repositories/html-webpack-plugin/spec/basic.spec.js,Unknown Test,"{'column': 2, 'line': 2764}","  2762 |   });
  2763 |
> 2764 |   it(""adds a favicon with a publicPath set to [hash]/ and replaces the hash"", (done) => {
       |  ^ Unknown Test
  2765 |     testHtmlPlugin(
  2766 |       {
  2767 |         mode: ""production"","
/home/gabriel/Disk/Research/research-javascript-test-smells/repositories/html-webpack-plugin/spec/basic.spec.js,Unknown Test,"{'column': 2, 'line': 2786}","  2784 |   });
  2785 |
> 2786 |   it(""adds a favicon with inject enabled"", (done) => {
       |  ^ Unknown Test
  2787 |     testHtmlPlugin(
  2788 |       {
  2789 |         mode: ""production"","
/home/gabriel/Disk/Research/research-javascript-test-smells/repositories/html-webpack-plugin/spec/basic.spec.js,Unknown Test,"{'column': 2, 'line': 2808}","  2806 |   });
  2807 |
> 2808 |   it(""adds a favicon with xhtml enabled"", (done) => {
       |  ^ Unknown Test
  2809 |     testHtmlPlugin(
  2810 |       {
  2811 |         mode: ""production"","
/home/gabriel/Disk/Research/research-javascript-test-smells/repositories/html-webpack-plugin/spec/basic.spec.js,Unknown Test,"{'column': 2, 'line': 2834}","  2832 |   });
  2833 |
> 2834 |   it(""shows an error if the favicon could not be load"", (done) => {
       |  ^ Unknown Test
  2835 |     testHtmlPlugin(
  2836 |       {
  2837 |         mode: ""production"","
/home/gabriel/Disk/Research/research-javascript-test-smells/repositories/html-webpack-plugin/spec/basic.spec.js,Unknown Test,"{'column': 2, 'line': 2860}","  2858 |   });
  2859 |
> 2860 |   it(""works with webpack BannerPlugin"", (done) => {
       |  ^ Unknown Test
  2861 |     testHtmlPlugin(
  2862 |       {
  2863 |         mode: ""production"","
/home/gabriel/Disk/Research/research-javascript-test-smells/repositories/html-webpack-plugin/spec/basic.spec.js,Unknown Test,"{'column': 2, 'line': 2880}","  2878 |   });
  2879 |
> 2880 |   it(""shows an error when a template fails to load"", (done) => {
       |  ^ Unknown Test
  2881 |     testHtmlPlugin(
  2882 |       {
  2883 |         mode: ""development"","
/home/gabriel/Disk/Research/research-javascript-test-smells/repositories/html-webpack-plugin/spec/basic.spec.js,Unknown Test,"{'column': 2, 'line': 2909}","  2907 |   });
  2908 |
> 2909 |   it(""should sort the chunks in auto mode"", (done) => {
       |  ^ Unknown Test
  2910 |     testHtmlPlugin(
  2911 |       {
  2912 |         mode: ""production"","
/home/gabriel/Disk/Research/research-javascript-test-smells/repositories/html-webpack-plugin/spec/basic.spec.js,Unknown Test,"{'column': 2, 'line': 2946}","  2944 |   });
  2945 |
> 2946 |   it(""should sort the chunks in custom (reverse alphabetical) order"", (done) => {
       |  ^ Unknown Test
  2947 |     testHtmlPlugin(
  2948 |       {
  2949 |         mode: ""production"","
/home/gabriel/Disk/Research/research-javascript-test-smells/repositories/html-webpack-plugin/spec/basic.spec.js,Unknown Test,"{'column': 2, 'line': 2981}","  2979 |   });
  2980 |
> 2981 |   it(""should sort manually by the chunks"", (done) => {
       |  ^ Unknown Test
  2982 |     testHtmlPlugin(
  2983 |       {
  2984 |         mode: ""production"","
/home/gabriel/Disk/Research/research-javascript-test-smells/repositories/html-webpack-plugin/spec/basic.spec.js,Unknown Test,"{'column': 2, 'line': 3024}","  3022 |   });
  3023 |
> 3024 |   it(""should add the webpack compilation object as a property of the templateParam object"", (done) => {
       |  ^ Unknown Test
  3025 |     testHtmlPlugin(
  3026 |       {
  3027 |         mode: ""production"","
/home/gabriel/Disk/Research/research-javascript-test-smells/repositories/html-webpack-plugin/spec/basic.spec.js,Unknown Test,"{'column': 2, 'line': 3046}","  3044 |   });
  3045 |
> 3046 |   it(""should add the webpack compilation object as a property of the templateParam object with cjs"", (done) => {
       |  ^ Unknown Test
  3047 |     testHtmlPlugin(
  3048 |       {
  3049 |         mode: ""production"","
/home/gabriel/Disk/Research/research-javascript-test-smells/repositories/html-webpack-plugin/spec/basic.spec.js,Unknown Test,"{'column': 2, 'line': 3068}","  3066 |   });
  3067 |
> 3068 |   it(""should allow to disable template parameters"", (done) => {
       |  ^ Unknown Test
  3069 |     testHtmlPlugin(
  3070 |       {
  3071 |         mode: ""production"","
/home/gabriel/Disk/Research/research-javascript-test-smells/repositories/html-webpack-plugin/spec/basic.spec.js,Unknown Test,"{'column': 2, 'line': 3091}","  3089 |   });
  3090 |
> 3091 |   it(""should allow to set specific template parameters"", (done) => {
       |  ^ Unknown Test
  3092 |     testHtmlPlugin(
  3093 |       {
  3094 |         mode: ""production"","
/home/gabriel/Disk/Research/research-javascript-test-smells/repositories/html-webpack-plugin/spec/basic.spec.js,Unknown Test,"{'column': 2, 'line': 3116}","  3114 |   });
  3115 |
> 3116 |   it(""should allow to set specific template parameters using a function"", (done) => {
       |  ^ Unknown Test
  3117 |     testHtmlPlugin(
  3118 |       {
  3119 |         mode: ""production"","
/home/gabriel/Disk/Research/research-javascript-test-smells/repositories/html-webpack-plugin/spec/basic.spec.js,Unknown Test,"{'column': 2, 'line': 3141}","  3139 |   });
  3140 |
> 3141 |   it(""should allow to set specific template parameters using a async function"", (done) => {
       |  ^ Unknown Test
  3142 |     testHtmlPlugin(
  3143 |       {
  3144 |         mode: ""production"","
/home/gabriel/Disk/Research/research-javascript-test-smells/repositories/html-webpack-plugin/spec/basic.spec.js,Unknown Test,"{'column': 2, 'line': 3166}","  3164 |   });
  3165 |
> 3166 |   it(""should not treat templateContent set to an empty string as missing"", (done) => {
       |  ^ Unknown Test
  3167 |     testHtmlPlugin(
  3168 |       {
  3169 |         mode: ""production"","
/home/gabriel/Disk/Research/research-javascript-test-smells/repositories/html-webpack-plugin/spec/basic.spec.js,Unknown Test,"{'column': 2, 'line': 3187}","  3185 |   });
  3186 |
> 3187 |   it(""allows you to inject the assets into the body of the given spaced closing tag template"", (done) => {
       |  ^ Unknown Test
  3188 |     testHtmlPlugin(
  3189 |       {
  3190 |         mode: ""production"","
/home/gabriel/Disk/Research/research-javascript-test-smells/repositories/html-webpack-plugin/spec/basic.spec.js,Unknown Test,"{'column': 2, 'line': 3211}","  3209 |   });
  3210 |
> 3211 |   it(""allows you to inject the assets into the head of the given spaced closing tag template"", (done) => {
       |  ^ Unknown Test
  3212 |     testHtmlPlugin(
  3213 |       {
  3214 |         mode: ""production"","
/home/gabriel/Disk/Research/research-javascript-test-smells/repositories/html-webpack-plugin/spec/basic.spec.js,Unknown Test,"{'column': 2, 'line': 3233}","  3231 |   });
  3232 |
> 3233 |   it(""should minify by default when mode is production"", (done) => {
       |  ^ Unknown Test
  3234 |     testHtmlPlugin(
  3235 |       {
  3236 |         mode: ""production"","
/home/gabriel/Disk/Research/research-javascript-test-smells/repositories/html-webpack-plugin/spec/basic.spec.js,Unknown Test,"{'column': 2, 'line': 3250}","  3248 |   });
  3249 |
> 3250 |   it(""should not minify by default when mode is development"", (done) => {
       |  ^ Unknown Test
  3251 |     testHtmlPlugin(
  3252 |       {
  3253 |         mode: ""development"","
/home/gabriel/Disk/Research/research-javascript-test-smells/repositories/html-webpack-plugin/spec/basic.spec.js,Unknown Test,"{'column': 2, 'line': 3267}","  3265 |   });
  3266 |
> 3267 |   it(""should minify in production if options.minify is true"", (done) => {
       |  ^ Unknown Test
  3268 |     testHtmlPlugin(
  3269 |       {
  3270 |         mode: ""development"","
/home/gabriel/Disk/Research/research-javascript-test-smells/repositories/html-webpack-plugin/spec/basic.spec.js,Unknown Test,"{'column': 2, 'line': 3284}","  3282 |   });
  3283 |
> 3284 |   it(""should minify in development if options.minify is true"", (done) => {
       |  ^ Unknown Test
  3285 |     testHtmlPlugin(
  3286 |       {
  3287 |         mode: ""development"","
/home/gabriel/Disk/Research/research-javascript-test-smells/repositories/html-webpack-plugin/spec/basic.spec.js,Unknown Test,"{'column': 2, 'line': 3301}","  3299 |   });
  3300 |
> 3301 |   it(""should not minify in production if options.minify is false"", (done) => {
       |  ^ Unknown Test
  3302 |     testHtmlPlugin(
  3303 |       {
  3304 |         mode: ""production"","
/home/gabriel/Disk/Research/research-javascript-test-smells/repositories/html-webpack-plugin/spec/basic.spec.js,Unknown Test,"{'column': 2, 'line': 3318}","  3316 |   });
  3317 |
> 3318 |   it(""should not minify in development if options.minify is false"", (done) => {
       |  ^ Unknown Test
  3319 |     testHtmlPlugin(
  3320 |       {
  3321 |         mode: ""development"","
/home/gabriel/Disk/Research/research-javascript-test-smells/repositories/html-webpack-plugin/spec/basic.spec.js,Unknown Test,"{'column': 2, 'line': 3335}","  3333 |   });
  3334 |
> 3335 |   it(""should allow custom minify options and not merge them with the defaults"", (done) => {
       |  ^ Unknown Test
  3336 |     testHtmlPlugin(
  3337 |       {
  3338 |         mode: ""production"","
/home/gabriel/Disk/Research/research-javascript-test-smells/repositories/html-webpack-plugin/spec/basic.spec.js,Unknown Test,"{'column': 2, 'line': 3358}","  3356 |   });
  3357 |
> 3358 |   it('should allow to inject scripts with a defer=""defer"" attribute', (done) => {
       |  ^ Unknown Test
  3359 |     testHtmlPlugin(
  3360 |       {
  3361 |         mode: ""production"","
/home/gabriel/Disk/Research/research-javascript-test-smells/repositories/html-webpack-plugin/spec/basic.spec.js,Unknown Test,"{'column': 2, 'line': 3379}","  3377 |   });
  3378 |
> 3379 |   it('should allow to inject scripts with a type=""module"" attribute', (done) => {
       |  ^ Unknown Test
  3380 |     testHtmlPlugin(
  3381 |       {
  3382 |         mode: ""production"","
/home/gabriel/Disk/Research/research-javascript-test-smells/repositories/html-webpack-plugin/spec/basic.spec.js,Unknown Test,"{'column': 2, 'line': 3400}","  3398 |   });
  3399 |
> 3400 |   it('should allow to inject scripts with a type=""systemjs-module"" attribute', (done) => {
       |  ^ Unknown Test
  3401 |     testHtmlPlugin(
  3402 |       {
  3403 |         mode: ""production"","
/home/gabriel/Disk/Research/research-javascript-test-smells/repositories/html-webpack-plugin/spec/basic.spec.js,Unknown Test,"{'column': 2, 'line': 3423}","  3421 |   });
  3422 |
> 3423 |   it('should allow to inject scripts with a defer=""defer"" attribute to the body', (done) => {
       |  ^ Unknown Test
  3424 |     testHtmlPlugin(
  3425 |       {
  3426 |         mode: ""production"","
/home/gabriel/Disk/Research/research-javascript-test-smells/repositories/html-webpack-plugin/spec/basic.spec.js,Unknown Test,"{'column': 2, 'line': 3445}","  3443 |   });
  3444 |
> 3445 |   it('should allow to inject scripts with a defer=""defer"" in front of styles', (done) => {
       |  ^ Unknown Test
  3446 |     testHtmlPlugin(
  3447 |       {
  3448 |         mode: ""production"","
/home/gabriel/Disk/Research/research-javascript-test-smells/repositories/html-webpack-plugin/spec/basic.spec.js,Unknown Test,"{'column': 2, 'line': 3475}","  3473 |   });
  3474 |
> 3475 |   it(""should keep closing slashes from the template"", (done) => {
       |  ^ Unknown Test
  3476 |     testHtmlPlugin(
  3477 |       {
  3478 |         mode: ""production"","
/home/gabriel/Disk/Research/research-javascript-test-smells/repositories/html-webpack-plugin/spec/basic.spec.js,Unknown Test,"{'column': 2, 'line': 3506}","  3504 |   });
  3505 |
> 3506 |   it(""should add the javascript assets to the head for inject:true with scriptLoading:defer"", (done) => {
       |  ^ Unknown Test
  3507 |     testHtmlPlugin(
  3508 |       {
  3509 |         mode: ""production"","
/home/gabriel/Disk/Research/research-javascript-test-smells/repositories/html-webpack-plugin/spec/basic.spec.js,Unknown Test,"{'column': 2, 'line': 3539}","  3537 |   });
  3538 |
> 3539 |   it(""should allow to use headTags and bodyTags directly in string literals"", (done) => {
       |  ^ Unknown Test
  3540 |     testHtmlPlugin(
  3541 |       {
  3542 |         mode: ""production"","
/home/gabriel/Disk/Research/research-javascript-test-smells/repositories/html-webpack-plugin/spec/basic.spec.js,Unknown Test,"{'column': 2, 'line': 3579}","  3577 |   });
  3578 |
> 3579 |   it(""should add the javascript assets to the head for inject:true with scriptLoading:defer"", (done) => {
       |  ^ Unknown Test
  3580 |     testHtmlPlugin(
  3581 |       {
  3582 |         mode: ""production"","
/home/gabriel/Disk/Research/research-javascript-test-smells/repositories/html-webpack-plugin/spec/basic.spec.js,Unknown Test,"{'column': 2, 'line': 3612}","  3610 |   });
  3611 |
> 3612 |   it(""should allow to use headTags and bodyTags directly in string literals"", (done) => {
       |  ^ Unknown Test
  3613 |     testHtmlPlugin(
  3614 |       {
  3615 |         mode: ""production"","
/home/gabriel/Disk/Research/research-javascript-test-smells/repositories/html-webpack-plugin/spec/basic.spec.js,Unknown Test,"{'column': 2, 'line': 3650}","  3648 |   });
  3649 |
> 3650 |   it(""should allow to use experiments:{outputModule:true}"", (done) => {
       |  ^ Unknown Test
  3651 |     testHtmlPlugin(
  3652 |       {
  3653 |         mode: ""production"","
/home/gabriel/Disk/Research/research-javascript-test-smells/repositories/html-webpack-plugin/spec/basic.spec.js,Unknown Test,"{'column': 2, 'line': 3669}","  3667 |   });
  3668 |
> 3669 |   it(""generates relative path for asset/resource"", (done) => {
       |  ^ Unknown Test
  3670 |     testHtmlPlugin(
  3671 |       {
  3672 |         mode: ""development"","
/home/gabriel/Disk/Research/research-javascript-test-smells/repositories/html-webpack-plugin/spec/basic.spec.js,Unknown Test,"{'column': 2, 'line': 3696}","  3694 |   });
  3695 |
> 3696 |   it(""uses the absolute path for asset/resource"", (done) => {
       |  ^ Unknown Test
  3697 |     testHtmlPlugin(
  3698 |       {
  3699 |         mode: ""development"","
/home/gabriel/Disk/Research/research-javascript-test-smells/repositories/html-webpack-plugin/spec/basic.spec.js,Unknown Test,"{'column': 2, 'line': 3724}","  3722 |   });
  3723 |
> 3724 |   it(""generates an html file if entry is empty"", (done) => {
       |  ^ Unknown Test
  3725 |     testHtmlPlugin(
  3726 |       {
  3727 |         mode: ""development"","
/home/gabriel/Disk/Research/research-javascript-test-smells/repositories/html-webpack-plugin/spec/basic.spec.js,Unknown Test,"{'column': 2, 'line': 3742}","  3740 |   });
  3741 |
> 3742 |   it(""allows to set custom loader interpolation settings"", (done) => {
       |  ^ Unknown Test
  3743 |     testHtmlPlugin(
  3744 |       {
  3745 |         mode: ""production"","
/home/gabriel/Disk/Research/research-javascript-test-smells/repositories/html-webpack-plugin/spec/basic.spec.js,Unknown Test,"{'column': 2, 'line': 3779}","  3777 |   });
  3778 |
> 3779 |   it(""allows you to use empty HTML template file"", (done) => {
       |  ^ Unknown Test
  3780 |     testHtmlPlugin(
  3781 |       {
  3782 |         mode: ""production"","
/home/gabriel/Disk/Research/research-javascript-test-smells/repositories/html-webpack-plugin/spec/basic.spec.js,Unknown Test,"{'column': 2, 'line': 3802}","  3800 |   });
  3801 |
> 3802 |   it(""allow you to use custom HTML tag attributes in templates"", (done) => {
       |  ^ Unknown Test
  3803 |     testHtmlPlugin(
  3804 |       {
  3805 |         mode: ""production"","
