"file","type","smells","itCount","describeCount"
"src/utils/comparator/__test__/Comparator.test.js","ConditionalTestLogic","[{""startLine"":27,""endLine"":29}]",2,1
"src/utils/comparator/__test__/Comparator.test.js","VerboseStatement","[{""startLine"":4,""endLine"":23}]",2,1
"src/utils/comparator/__test__/Comparator.test.js","VerboseStatement","[{""startLine"":25,""endLine"":49}]",2,1
"src/data-structures/trie/__test__/Trie.test.js","VerboseStatement","[{""startLine"":26,""endLine"":63}]",5,1
"src/data-structures/tree/__test__/BinaryTreeNode.test.js","VerboseStatement","[{""startLine"":76,""endLine"":107}]",14,1
"src/data-structures/tree/__test__/BinaryTreeNode.test.js","VerboseStatement","[{""startLine"":109,""endLine"":146}]",14,1
"src/data-structures/tree/__test__/BinaryTreeNode.test.js","VerboseStatement","[{""startLine"":177,""endLine"":198}]",14,1
"src/data-structures/tree/__test__/BinaryTreeNode.test.js","VerboseStatement","[{""startLine"":211,""endLine"":234}]",14,1
"src/data-structures/tree/__test__/BinaryTreeNode.test.js","VerboseStatement","[{""startLine"":236,""endLine"":259}]",14,1
"src/data-structures/lru-cache/__test__/LRUCacheOnMap.test.js","VerboseStatement","[{""startLine"":4,""endLine"":24}]",7,1
"src/data-structures/lru-cache/__test__/LRUCacheOnMap.test.js","VerboseStatement","[{""startLine"":26,""endLine"":45}]",7,1
"src/data-structures/lru-cache/__test__/LRUCacheOnMap.test.js","VerboseStatement","[{""startLine"":47,""endLine"":71}]",7,1
"src/data-structures/lru-cache/__test__/LRUCacheOnMap.test.js","VerboseStatement","[{""startLine"":73,""endLine"":93}]",7,1
"src/data-structures/lru-cache/__test__/LRUCacheOnMap.test.js","VerboseStatement","[{""startLine"":121,""endLine"":147}]",7,1
"src/data-structures/lru-cache/__test__/LRUCache.test.js","VerboseStatement","[{""startLine"":4,""endLine"":24}]",7,1
"src/data-structures/lru-cache/__test__/LRUCache.test.js","VerboseStatement","[{""startLine"":26,""endLine"":45}]",7,1
"src/data-structures/lru-cache/__test__/LRUCache.test.js","VerboseStatement","[{""startLine"":47,""endLine"":73}]",7,1
"src/data-structures/lru-cache/__test__/LRUCache.test.js","VerboseStatement","[{""startLine"":75,""endLine"":95}]",7,1
"src/data-structures/lru-cache/__test__/LRUCache.test.js","VerboseStatement","[{""startLine"":123,""endLine"":149}]",7,1
"src/data-structures/linked-list/__test__/LinkedList.test.js","ConditionalTestLogic","[{""startLine"":212,""endLine"":214}]",15,1
"src/data-structures/linked-list/__test__/LinkedList.test.js","VerboseStatement","[{""startLine"":50,""endLine"":94}]",15,1
"src/data-structures/linked-list/__test__/LinkedList.test.js","VerboseStatement","[{""startLine"":96,""endLine"":126}]",15,1
"src/data-structures/linked-list/__test__/LinkedList.test.js","VerboseStatement","[{""startLine"":128,""endLine"":152}]",15,1
"src/data-structures/heap/__test__/MinHeapAdhoc.test.js","SubOptimalAssert","[{""startLine"":8,""endLine"":8}]",4,1
"src/data-structures/heap/__test__/MinHeapAdhoc.test.js","SubOptimalAssert","[{""startLine"":72,""endLine"":72}]",4,1
"src/data-structures/heap/__test__/MinHeapAdhoc.test.js","VerboseStatement","[{""startLine"":12,""endLine"":44}]",4,1
"src/data-structures/heap/__test__/MinHeapAdhoc.test.js","VerboseStatement","[{""startLine"":46,""endLine"":74}]",4,1
"src/data-structures/heap/__test__/MinHeap.test.js","ConditionalTestLogic","[{""startLine"":162,""endLine"":164}]",9,1
"src/data-structures/heap/__test__/MinHeap.test.js","VerboseStatement","[{""startLine"":13,""endLine"":45}]",9,1
"src/data-structures/heap/__test__/MinHeap.test.js","VerboseStatement","[{""startLine"":47,""endLine"":75}]",9,1
"src/data-structures/heap/__test__/MinHeap.test.js","VerboseStatement","[{""startLine"":126,""endLine"":150}]",9,1
"src/data-structures/heap/__test__/MinHeap.test.js","VerboseStatement","[{""startLine"":173,""endLine"":193}]",9,1
"src/data-structures/heap/__test__/MaxHeapAdhoc.test.js","SubOptimalAssert","[{""startLine"":8,""endLine"":8}]",4,1
"src/data-structures/heap/__test__/MaxHeapAdhoc.test.js","SubOptimalAssert","[{""startLine"":72,""endLine"":72}]",4,1
"src/data-structures/heap/__test__/MaxHeapAdhoc.test.js","VerboseStatement","[{""startLine"":12,""endLine"":44}]",4,1
"src/data-structures/heap/__test__/MaxHeapAdhoc.test.js","VerboseStatement","[{""startLine"":46,""endLine"":74}]",4,1
"src/data-structures/heap/__test__/MaxHeap.test.js","ConditionalTestLogic","[{""startLine"":162,""endLine"":164}]",8,1
"src/data-structures/heap/__test__/MaxHeap.test.js","VerboseStatement","[{""startLine"":13,""endLine"":45}]",8,1
"src/data-structures/heap/__test__/MaxHeap.test.js","VerboseStatement","[{""startLine"":47,""endLine"":75}]",8,1
"src/data-structures/heap/__test__/MaxHeap.test.js","VerboseStatement","[{""startLine"":126,""endLine"":150}]",8,1
"src/data-structures/hash-table/__test__/HashTable.test.js","SubOptimalAssert","[{""startLine"":6,""endLine"":6}]",8,1
"src/data-structures/hash-table/__test__/HashTable.test.js","SubOptimalAssert","[{""startLine"":9,""endLine"":9}]",8,1
"src/data-structures/hash-table/__test__/HashTable.test.js","VerboseStatement","[{""startLine"":20,""endLine"":57}]",8,1
"src/data-structures/graph/__test__/GraphVertex.test.js","SubOptimalAssert","[{""startLine"":36,""endLine"":36}]",10,1
"src/data-structures/graph/__test__/GraphVertex.test.js","SubOptimalAssert","[{""startLine"":57,""endLine"":57}]",10,1
"src/data-structures/graph/__test__/GraphVertex.test.js","SubOptimalAssert","[{""startLine"":70,""endLine"":70}]",10,1
"src/data-structures/graph/__test__/GraphVertex.test.js","SubOptimalAssert","[{""startLine"":90,""endLine"":90}]",10,1
"src/data-structures/graph/__test__/GraphVertex.test.js","SubOptimalAssert","[{""startLine"":100,""endLine"":100}]",10,1
"src/data-structures/graph/__test__/GraphVertex.test.js","SubOptimalAssert","[{""startLine"":118,""endLine"":118}]",10,1
"src/data-structures/graph/__test__/GraphVertex.test.js","SubOptimalAssert","[{""startLine"":138,""endLine"":138}]",10,1
"src/data-structures/graph/__test__/GraphVertex.test.js","VerboseStatement","[{""startLine"":40,""endLine"":71}]",10,1
"src/data-structures/graph/__test__/GraphVertex.test.js","VerboseStatement","[{""startLine"":73,""endLine"":101}]",10,1
"src/data-structures/graph/__test__/Graph.test.js","SubOptimalAssert","[{""startLine"":31,""endLine"":31}]",16,1
"src/data-structures/graph/__test__/Graph.test.js","SubOptimalAssert","[{""startLine"":44,""endLine"":44}]",16,1
"src/data-structures/graph/__test__/Graph.test.js","SubOptimalAssert","[{""startLine"":48,""endLine"":48}]",16,1
"src/data-structures/graph/__test__/Graph.test.js","SubOptimalAssert","[{""startLine"":70,""endLine"":70}]",16,1
"src/data-structures/graph/__test__/Graph.test.js","SubOptimalAssert","[{""startLine"":74,""endLine"":74}]",16,1
"src/data-structures/graph/__test__/Graph.test.js","SubOptimalAssert","[{""startLine"":139,""endLine"":139}]",16,1
"src/data-structures/graph/__test__/Graph.test.js","SubOptimalAssert","[{""startLine"":177,""endLine"":177}]",16,1
"src/data-structures/graph/__test__/Graph.test.js","SubOptimalAssert","[{""startLine"":242,""endLine"":242}]",16,1
"src/data-structures/graph/__test__/Graph.test.js","SubOptimalAssert","[{""startLine"":246,""endLine"":246}]",16,1
"src/data-structures/graph/__test__/Graph.test.js","SubOptimalAssert","[{""startLine"":286,""endLine"":286}]",16,1
"src/data-structures/graph/__test__/Graph.test.js","SubOptimalAssert","[{""startLine"":287,""endLine"":287}]",16,1
"src/data-structures/graph/__test__/Graph.test.js","SubOptimalAssert","[{""startLine"":290,""endLine"":290}]",16,1
"src/data-structures/graph/__test__/Graph.test.js","SubOptimalAssert","[{""startLine"":291,""endLine"":291}]",16,1
"src/data-structures/graph/__test__/Graph.test.js","SubOptimalAssert","[{""startLine"":293,""endLine"":293}]",16,1
"src/data-structures/graph/__test__/Graph.test.js","SubOptimalAssert","[{""startLine"":298,""endLine"":298}]",16,1
"src/data-structures/graph/__test__/Graph.test.js","SubOptimalAssert","[{""startLine"":299,""endLine"":299}]",16,1
"src/data-structures/graph/__test__/Graph.test.js","SubOptimalAssert","[{""startLine"":300,""endLine"":300}]",16,1
"src/data-structures/graph/__test__/Graph.test.js","SubOptimalAssert","[{""startLine"":302,""endLine"":302}]",16,1
"src/data-structures/graph/__test__/Graph.test.js","SubOptimalAssert","[{""startLine"":304,""endLine"":304}]",16,1
"src/data-structures/graph/__test__/Graph.test.js","VerboseStatement","[{""startLine"":21,""endLine"":51}]",16,1
"src/data-structures/graph/__test__/Graph.test.js","VerboseStatement","[{""startLine"":53,""endLine"":75}]",16,1
"src/data-structures/graph/__test__/Graph.test.js","VerboseStatement","[{""startLine"":77,""endLine"":98}]",16,1
"src/data-structures/graph/__test__/Graph.test.js","VerboseStatement","[{""startLine"":100,""endLine"":121}]",16,1
"src/data-structures/graph/__test__/Graph.test.js","VerboseStatement","[{""startLine"":269,""endLine"":306}]",16,1
"src/data-structures/doubly-linked-list/__test__/DoublyLinkedList.test.js","ConditionalTestLogic","[{""startLine"":208,""endLine"":210}]",12,1
"src/data-structures/doubly-linked-list/__test__/DoublyLinkedList.test.js","VerboseStatement","[{""startLine"":46,""endLine"":94}]",12,1
"src/data-structures/doubly-linked-list/__test__/DoublyLinkedList.test.js","VerboseStatement","[{""startLine"":96,""endLine"":128}]",12,1
"src/data-structures/doubly-linked-list/__test__/DoublyLinkedList.test.js","VerboseStatement","[{""startLine"":130,""endLine"":155}]",12,1
"src/data-structures/doubly-linked-list/__test__/DoublyLinkedList.test.js","VerboseStatement","[{""startLine"":232,""endLine"":279}]",12,1
"src/data-structures/disjoint-set/__test__/DisjointSetItem.test.js","SubOptimalAssert","[{""startLine"":26,""endLine"":26}]",2,1
"src/data-structures/disjoint-set/__test__/DisjointSetItem.test.js","SubOptimalAssert","[{""startLine"":27,""endLine"":27}]",2,1
"src/data-structures/disjoint-set/__test__/DisjointSetItem.test.js","SubOptimalAssert","[{""startLine"":32,""endLine"":32}]",2,1
"src/data-structures/disjoint-set/__test__/DisjointSetItem.test.js","SubOptimalAssert","[{""startLine"":33,""endLine"":33}]",2,1
"src/data-structures/disjoint-set/__test__/DisjointSetItem.test.js","SubOptimalAssert","[{""startLine"":84,""endLine"":84}]",2,1
"src/data-structures/disjoint-set/__test__/DisjointSetItem.test.js","SubOptimalAssert","[{""startLine"":85,""endLine"":85}]",2,1
"src/data-structures/disjoint-set/__test__/DisjointSetItem.test.js","SubOptimalAssert","[{""startLine"":90,""endLine"":90}]",2,1
"src/data-structures/disjoint-set/__test__/DisjointSetItem.test.js","SubOptimalAssert","[{""startLine"":91,""endLine"":91}]",2,1
"src/data-structures/disjoint-set/__test__/DisjointSetItem.test.js","VerboseStatement","[{""startLine"":4,""endLine"":56}]",2,1
"src/data-structures/disjoint-set/__test__/DisjointSetItem.test.js","VerboseStatement","[{""startLine"":58,""endLine"":114}]",2,1
"src/data-structures/disjoint-set/__test__/DisjointSetAdhoc.test.js","VerboseStatement","[{""startLine"":4,""endLine"":32}]",2,1
"src/data-structures/disjoint-set/__test__/DisjointSet.test.js","VerboseStatement","[{""startLine"":21,""endLine"":81}]",4,1
"src/data-structures/disjoint-set/__test__/DisjointSet.test.js","VerboseStatement","[{""startLine"":96,""endLine"":139}]",4,1
"src/data-structures/bloom-filter/__test__/BloomFilter.test.js","SubOptimalAssert","[{""startLine"":49,""endLine"":49}]",5,1
"src/data-structures/bloom-filter/__test__/BloomFilter.test.js","VerboseStatement","[{""startLine"":26,""endLine"":46}]",5,1
"src/data-structures/tree/segment-tree/__test__/SegmentTree.test.js","SubOptimalAssert","[{""startLine"":9,""endLine"":9}]",10,1
"src/data-structures/tree/segment-tree/__test__/SegmentTree.test.js","SubOptimalAssert","[{""startLine"":17,""endLine"":17}]",10,1
"src/data-structures/tree/segment-tree/__test__/SegmentTree.test.js","SubOptimalAssert","[{""startLine"":25,""endLine"":25}]",10,1
"src/data-structures/tree/segment-tree/__test__/SegmentTree.test.js","SubOptimalAssert","[{""startLine"":35,""endLine"":35}]",10,1
"src/data-structures/tree/segment-tree/__test__/SegmentTree.test.js","SubOptimalAssert","[{""startLine"":43,""endLine"":43}]",10,1
"src/data-structures/tree/segment-tree/__test__/SegmentTree.test.js","SubOptimalAssert","[{""startLine"":51,""endLine"":51}]",10,1
"src/data-structures/tree/red-black-tree/__test__/RedBlackTree.test.js","VerboseStatement","[{""startLine"":46,""endLine"":106}]",12,1
"src/data-structures/tree/red-black-tree/__test__/RedBlackTree.test.js","VerboseStatement","[{""startLine"":108,""endLine"":151}]",12,1
"src/data-structures/tree/red-black-tree/__test__/RedBlackTree.test.js","VerboseStatement","[{""startLine"":153,""endLine"":182}]",12,1
"src/data-structures/tree/red-black-tree/__test__/RedBlackTree.test.js","VerboseStatement","[{""startLine"":184,""endLine"":213}]",12,1
"src/data-structures/tree/red-black-tree/__test__/RedBlackTree.test.js","VerboseStatement","[{""startLine"":215,""endLine"":245}]",12,1
"src/data-structures/tree/red-black-tree/__test__/RedBlackTree.test.js","VerboseStatement","[{""startLine"":247,""endLine"":287}]",12,1
"src/data-structures/tree/fenwick-tree/__test__/FenwickTree.test.js","SubOptimalAssert","[{""startLine"":6,""endLine"":6}]",4,1
"src/data-structures/tree/fenwick-tree/__test__/FenwickTree.test.js","SubOptimalAssert","[{""startLine"":13,""endLine"":13}]",4,1
"src/data-structures/tree/fenwick-tree/__test__/FenwickTree.test.js","SubOptimalAssert","[{""startLine"":20,""endLine"":20}]",4,1
"src/data-structures/tree/fenwick-tree/__test__/FenwickTree.test.js","VerboseStatement","[{""startLine"":16,""endLine"":63}]",4,1
"src/data-structures/tree/binary-search-tree/__test__/BinarySearchTreeNode.test.js","ConditionalTestLogic","[{""startLine"":221,""endLine"":223}]",14,1
"src/data-structures/tree/binary-search-tree/__test__/BinarySearchTreeNode.test.js","VerboseStatement","[{""startLine"":21,""endLine"":54}]",14,1
"src/data-structures/tree/binary-search-tree/__test__/BinarySearchTreeNode.test.js","VerboseStatement","[{""startLine"":84,""endLine"":103}]",14,1
"src/data-structures/tree/binary-search-tree/__test__/BinarySearchTreeNode.test.js","VerboseStatement","[{""startLine"":157,""endLine"":186}]",14,1
"src/data-structures/tree/binary-search-tree/__test__/BinarySearchTree.test.js","ConditionalTestLogic","[{""startLine"":60,""endLine"":62}]",6,1
"src/data-structures/tree/avl-tree/__test__/AvlTRee.test.js","IdenticalTestDescription","[{""startLine"":211,""endLine"":231}]",13,1
"src/data-structures/tree/avl-tree/__test__/AvlTRee.test.js","VerboseStatement","[{""startLine"":4,""endLine"":27}]",13,1
"src/data-structures/tree/avl-tree/__test__/AvlTRee.test.js","VerboseStatement","[{""startLine"":29,""endLine"":50}]",13,1
"src/data-structures/tree/avl-tree/__test__/AvlTRee.test.js","VerboseStatement","[{""startLine"":52,""endLine"":75}]",13,1
"src/data-structures/tree/avl-tree/__test__/AvlTRee.test.js","VerboseStatement","[{""startLine"":77,""endLine"":98}]",13,1
"src/data-structures/tree/avl-tree/__test__/AvlTRee.test.js","VerboseStatement","[{""startLine"":124,""endLine"":165}]",13,1
"src/data-structures/tree/avl-tree/__test__/AvlTRee.test.js","VerboseStatement","[{""startLine"":167,""endLine"":187}]",13,1
"src/data-structures/tree/avl-tree/__test__/AvlTRee.test.js","VerboseStatement","[{""startLine"":189,""endLine"":209}]",13,1
"src/data-structures/tree/avl-tree/__test__/AvlTRee.test.js","VerboseStatement","[{""startLine"":211,""endLine"":231}]",13,1
"src/data-structures/tree/avl-tree/__test__/AvlTRee.test.js","VerboseStatement","[{""startLine"":271,""endLine"":302}]",13,1
"src/algorithms/uncategorized/rain-terraces/__test__/dpRainTerraces.test.js","VerboseStatement","[{""startLine"":4,""endLine"":20}]",1,1
"src/algorithms/uncategorized/rain-terraces/__test__/bfRainTerraces.test.js","VerboseStatement","[{""startLine"":4,""endLine"":20}]",1,1
"src/algorithms/uncategorized/n-queens/__test__/nQueens.test.js","SubOptimalAssert","[{""startLine"":6,""endLine"":6}]",3,1
"src/algorithms/uncategorized/n-queens/__test__/nQueens.test.js","SubOptimalAssert","[{""startLine"":11,""endLine"":11}]",3,1
"src/algorithms/uncategorized/n-queens/__test__/nQueens.test.js","SubOptimalAssert","[{""startLine"":28,""endLine"":28}]",3,1
"src/algorithms/uncategorized/knight-tour/__test__/knightTour.test.js","SubOptimalAssert","[{""startLine"":7,""endLine"":7}]",2,1
"src/algorithms/uncategorized/knight-tour/__test__/knightTour.test.js","SubOptimalAssert","[{""startLine"":13,""endLine"":13}]",2,1
"src/algorithms/uncategorized/hanoi-tower/__test__/hanoiTower.test.js","VerboseStatement","[{""startLine"":5,""endLine"":37}]",3,1
"src/algorithms/uncategorized/best-time-to-buy-sell-stocks/__tests__/peakvalleyBestTimeToBuySellStocks.test.js","VerboseStatement","[{""startLine"":4,""endLine"":47}]",1,1
"src/algorithms/uncategorized/best-time-to-buy-sell-stocks/__tests__/dqBestTimeToBuySellStocks.test.js","VerboseStatement","[{""startLine"":4,""endLine"":47}]",1,1
"src/algorithms/uncategorized/best-time-to-buy-sell-stocks/__tests__/dpBestTimeToBuySellStocks.test.js","VerboseStatement","[{""startLine"":4,""endLine"":47}]",1,1
"src/algorithms/uncategorized/best-time-to-buy-sell-stocks/__tests__/accumulatorBestTimeToBuySellStocks.test.js","VerboseStatement","[{""startLine"":4,""endLine"":47}]",1,1
"src/algorithms/tree/depth-first-search/__test__/depthFirstSearch.test.js","OvercommentedTest","[{""startLine"":55,""endLine"":101}]",2,1
"src/algorithms/tree/depth-first-search/__test__/depthFirstSearch.test.js","VerboseStatement","[{""startLine"":5,""endLine"":53}]",2,1
"src/algorithms/tree/depth-first-search/__test__/depthFirstSearch.test.js","VerboseStatement","[{""startLine"":55,""endLine"":101}]",2,1
"src/algorithms/tree/breadth-first-search/__test__/breadthFirstSearch.test.js","OvercommentedTest","[{""startLine"":55,""endLine"":101}]",2,1
"src/algorithms/tree/breadth-first-search/__test__/breadthFirstSearch.test.js","VerboseStatement","[{""startLine"":5,""endLine"":53}]",2,1
"src/algorithms/tree/breadth-first-search/__test__/breadthFirstSearch.test.js","VerboseStatement","[{""startLine"":55,""endLine"":101}]",2,1
"src/algorithms/string/regular-expression-matching/__test__/regularExpressionMatching.test.js","VerboseStatement","[{""startLine"":4,""endLine"":33}]",1,1
"src/algorithms/string/levenshtein-distance/__test__/levenshteinDistance.test.js","OvercommentedTest","[{""startLine"":4,""endLine"":28}]",1,1
"src/algorithms/statistics/weighted-random/__test__/weightedRandom.test.js","OvercommentedTest","[{""startLine"":27,""endLine"":63}]",4,1
"src/algorithms/statistics/weighted-random/__test__/weightedRandom.test.js","ConditionalTestLogic","[{""startLine"":42,""endLine"":46}]",4,1
"src/algorithms/sets/permutations/__test__/permutateWithoutRepetitions.test.js","SubOptimalAssert","[{""startLine"":12,""endLine"":12}]",1,1
"src/algorithms/sets/permutations/__test__/permutateWithoutRepetitions.test.js","SubOptimalAssert","[{""startLine"":19,""endLine"":19}]",1,1
"src/algorithms/sets/permutations/__test__/permutateWithoutRepetitions.test.js","SubOptimalAssert","[{""startLine"":26,""endLine"":26}]",1,1
"src/algorithms/sets/permutations/__test__/permutateWithoutRepetitions.test.js","SubOptimalAssert","[{""startLine"":37,""endLine"":37}]",1,1
"src/algorithms/sets/permutations/__test__/permutateWithoutRepetitions.test.js","SubOptimalAssert","[{""startLine"":66,""endLine"":66}]",1,1
"src/algorithms/sets/permutations/__test__/permutateWithoutRepetitions.test.js","VerboseStatement","[{""startLine"":5,""endLine"":67}]",1,1
"src/algorithms/sets/permutations/__test__/permutateWithRepetitions.test.js","SubOptimalAssert","[{""startLine"":50,""endLine"":50}]",1,1
"src/algorithms/sets/longest-increasing-subsequence/__test__/dpLongestIncreasingSubsequence.test.js","OvercommentedTest","[{""startLine"":4,""endLine"":35}]",1,1
"src/algorithms/sets/knapsack-problem/__test__/KnapsackItem.test.js","VerboseStatement","[{""startLine"":4,""endLine"":34}]",1,1
"src/algorithms/sets/knapsack-problem/__test__/Knapsack.test.js","SubOptimalAssert","[{""startLine"":21,""endLine"":21}]",7,1
"src/algorithms/sets/knapsack-problem/__test__/Knapsack.test.js","SubOptimalAssert","[{""startLine"":42,""endLine"":42}]",7,1
"src/algorithms/sets/knapsack-problem/__test__/Knapsack.test.js","SubOptimalAssert","[{""startLine"":63,""endLine"":63}]",7,1
"src/algorithms/sets/knapsack-problem/__test__/Knapsack.test.js","SubOptimalAssert","[{""startLine"":84,""endLine"":84}]",7,1
"src/algorithms/sets/knapsack-problem/__test__/Knapsack.test.js","SubOptimalAssert","[{""startLine"":107,""endLine"":107}]",7,1
"src/algorithms/sets/knapsack-problem/__test__/Knapsack.test.js","SubOptimalAssert","[{""startLine"":132,""endLine"":132}]",7,1
"src/algorithms/sets/knapsack-problem/__test__/Knapsack.test.js","SubOptimalAssert","[{""startLine"":155,""endLine"":155}]",7,1
"src/algorithms/sets/fisher-yates/__test__/fisherYates.test.js","SubOptimalAssert","[{""startLine"":15,""endLine"":15}]",2,1
"src/algorithms/sets/combinations/__test__/combineWithoutRepetitions.test.js","SubOptimalAssert","[{""startLine"":59,""endLine"":59}]",1,1
"src/algorithms/sets/combinations/__test__/combineWithoutRepetitions.test.js","SubOptimalAssert","[{""startLine"":62,""endLine"":62}]",1,1
"src/algorithms/sets/combinations/__test__/combineWithoutRepetitions.test.js","VerboseStatement","[{""startLine"":6,""endLine"":63}]",1,1
"src/algorithms/sets/combinations/__test__/combineWithRepetitions.test.js","SubOptimalAssert","[{""startLine"":57,""endLine"":57}]",1,1
"src/algorithms/search/linear-search/__test__/linearSearch.test.js","ConditionalTestLogic","[{""startLine"":22,""endLine"":24}]",3,1
"src/algorithms/search/jump-search/__test__/jumpSearch.test.js","ConditionalTestLogic","[{""startLine"":29,""endLine"":29}]",2,1
"src/algorithms/search/jump-search/__test__/jumpSearch.test.js","VerboseStatement","[{""startLine"":4,""endLine"":19}]",2,1
"src/algorithms/search/interpolation-search/__test__/interpolationSearch.test.js","VerboseStatement","[{""startLine"":4,""endLine"":23}]",1,1
"src/algorithms/search/binary-search/__test__/binarySearch.test.js","ConditionalTestLogic","[{""startLine"":24,""endLine"":24}]",2,1
"src/algorithms/ml/knn/__test__/knn.test.js","IdenticalTestDescription","[{""startLine"":24,""endLine"":29}]",7,1
"src/algorithms/ml/knn/__test__/knn.test.js","VerboseStatement","[{""startLine"":31,""endLine"":54}]",7,1
"src/algorithms/math/square-root/__test__/squareRoot.test.js","IdenticalTestDescription","[{""startLine"":65,""endLine"":68}]",4,1
"src/algorithms/math/square-root/__test__/squareRoot.test.js","VerboseStatement","[{""startLine"":24,""endLine"":63}]",4,1
"src/algorithms/math/prime-factors/__test__/primeFactors.test.js","VerboseStatement","[{""startLine"":17,""endLine"":37}]",3,1
"src/algorithms/math/is-power-of-two/__test__/isPowerOfTwoBitwise.test.js","VerboseStatement","[{""startLine"":4,""endLine"":22}]",1,1
"src/algorithms/math/is-power-of-two/__test__/isPowerOfTwo.test.js","VerboseStatement","[{""startLine"":4,""endLine"":22}]",1,1
"src/algorithms/math/fibonacci/__test__/fibonacciNth.test.js","VerboseStatement","[{""startLine"":4,""endLine"":22}]",1,1
"src/algorithms/math/fast-powering/__test__/fastPowering.test.js","VerboseStatement","[{""startLine"":4,""endLine"":22}]",1,1
"src/algorithms/math/euclidean-algorithm/__test__/euclideanAlgorithmIterative.test.js","VerboseStatement","[{""startLine"":4,""endLine"":25}]",1,1
"src/algorithms/math/euclidean-algorithm/__test__/euclideanAlgorithm.test.js","VerboseStatement","[{""startLine"":4,""endLine"":25}]",1,1
"src/algorithms/math/complex-number/__test__/ComplexNumber.test.js","VerboseStatement","[{""startLine"":130,""endLine"":180}]",10,1
"src/algorithms/math/bits/__test__/isPowerOfTwo.test.js","VerboseStatement","[{""startLine"":4,""endLine"":19}]",1,1
"src/algorithms/math/bits/__test__/countSetBits.test.js","VerboseStatement","[{""startLine"":4,""endLine"":19}]",1,1
"src/algorithms/math/binary-floating-point/__tests__/floatAsBinaryString.test.js","IdenticalTestDescription","[{""startLine"":14,""endLine"":19}]",2,2
"src/algorithms/math/binary-floating-point/__tests__/bitsToFloat.test.js","IdenticalTestDescription","[{""startLine"":15,""endLine"":21}]",3,3
"src/algorithms/math/binary-floating-point/__tests__/bitsToFloat.test.js","IdenticalTestDescription","[{""startLine"":25,""endLine"":31}]",3,3
"src/algorithms/graph/travelling-salesman/__test__/bfTravellingSalesman.test.js","SubOptimalAssert","[{""startLine"":44,""endLine"":44}]",1,1
"src/algorithms/graph/travelling-salesman/__test__/bfTravellingSalesman.test.js","VerboseStatement","[{""startLine"":7,""endLine"":50}]",1,1
"src/algorithms/graph/topological-sorting/__test__/topologicalSort.test.js","SubOptimalAssert","[{""startLine"":41,""endLine"":41}]",1,1
"src/algorithms/graph/topological-sorting/__test__/topologicalSort.test.js","VerboseStatement","[{""startLine"":7,""endLine"":52}]",1,1
"src/algorithms/graph/strongly-connected-components/__test__/stronglyConnectedComponents.test.js","SubOptimalAssert","[{""startLine"":29,""endLine"":29}]",2,1
"src/algorithms/graph/strongly-connected-components/__test__/stronglyConnectedComponents.test.js","SubOptimalAssert","[{""startLine"":85,""endLine"":85}]",2,1
"src/algorithms/graph/strongly-connected-components/__test__/stronglyConnectedComponents.test.js","VerboseStatement","[{""startLine"":7,""endLine"":36}]",2,1
"src/algorithms/graph/strongly-connected-components/__test__/stronglyConnectedComponents.test.js","VerboseStatement","[{""startLine"":38,""endLine"":101}]",2,1
"src/algorithms/graph/prim/__test__/prim.test.js","SubOptimalAssert","[{""startLine"":56,""endLine"":56}]",3,1
"src/algorithms/graph/prim/__test__/prim.test.js","SubOptimalAssert","[{""startLine"":57,""endLine"":57}]",3,1
"src/algorithms/graph/prim/__test__/prim.test.js","SubOptimalAssert","[{""startLine"":87,""endLine"":87}]",3,1
"src/algorithms/graph/prim/__test__/prim.test.js","SubOptimalAssert","[{""startLine"":88,""endLine"":88}]",3,1
"src/algorithms/graph/prim/__test__/prim.test.js","VerboseStatement","[{""startLine"":17,""endLine"":59}]",3,1
"src/algorithms/graph/prim/__test__/prim.test.js","VerboseStatement","[{""startLine"":61,""endLine"":90}]",3,1
"src/algorithms/graph/kruskal/__test__/kruskal.test.js","SubOptimalAssert","[{""startLine"":56,""endLine"":56}]",3,1
"src/algorithms/graph/kruskal/__test__/kruskal.test.js","SubOptimalAssert","[{""startLine"":57,""endLine"":57}]",3,1
"src/algorithms/graph/kruskal/__test__/kruskal.test.js","SubOptimalAssert","[{""startLine"":87,""endLine"":87}]",3,1
"src/algorithms/graph/kruskal/__test__/kruskal.test.js","SubOptimalAssert","[{""startLine"":88,""endLine"":88}]",3,1
"src/algorithms/graph/kruskal/__test__/kruskal.test.js","VerboseStatement","[{""startLine"":17,""endLine"":59}]",3,1
"src/algorithms/graph/kruskal/__test__/kruskal.test.js","VerboseStatement","[{""startLine"":61,""endLine"":90}]",3,1
"src/algorithms/graph/hamiltonian-cycle/__test__/hamiltonianCycle.test.js","SubOptimalAssert","[{""startLine"":36,""endLine"":36}]",2,1
"src/algorithms/graph/hamiltonian-cycle/__test__/hamiltonianCycle.test.js","SubOptimalAssert","[{""startLine"":88,""endLine"":88}]",2,1
"src/algorithms/graph/hamiltonian-cycle/__test__/hamiltonianCycle.test.js","VerboseStatement","[{""startLine"":7,""endLine"":61}]",2,1
"src/algorithms/graph/hamiltonian-cycle/__test__/hamiltonianCycle.test.js","VerboseStatement","[{""startLine"":63,""endLine"":89}]",2,1
"src/algorithms/graph/floyd-warshall/__test__/floydWarshall.test.js","SubOptimalAssert","[{""startLine"":85,""endLine"":85}]",3,1
"src/algorithms/graph/floyd-warshall/__test__/floydWarshall.test.js","SubOptimalAssert","[{""startLine"":86,""endLine"":86}]",3,1
"src/algorithms/graph/floyd-warshall/__test__/floydWarshall.test.js","SubOptimalAssert","[{""startLine"":146,""endLine"":146}]",3,1
"src/algorithms/graph/floyd-warshall/__test__/floydWarshall.test.js","SubOptimalAssert","[{""startLine"":211,""endLine"":211}]",3,1
"src/algorithms/graph/floyd-warshall/__test__/floydWarshall.test.js","SubOptimalAssert","[{""startLine"":212,""endLine"":212}]",3,1
"src/algorithms/graph/floyd-warshall/__test__/floydWarshall.test.js","VerboseStatement","[{""startLine"":7,""endLine"":87}]",3,1
"src/algorithms/graph/floyd-warshall/__test__/floydWarshall.test.js","VerboseStatement","[{""startLine"":89,""endLine"":148}]",3,1
"src/algorithms/graph/floyd-warshall/__test__/floydWarshall.test.js","VerboseStatement","[{""startLine"":150,""endLine"":219}]",3,1
"src/algorithms/graph/dijkstra/__test__/dijkstra.test.js","VerboseStatement","[{""startLine"":7,""endLine"":66}]",2,1
"src/algorithms/graph/dijkstra/__test__/dijkstra.test.js","VerboseStatement","[{""startLine"":68,""endLine"":116}]",2,1
"src/algorithms/graph/eulerian-path/__test__/eulerianPath.test.js","SubOptimalAssert","[{""startLine"":74,""endLine"":74}]",3,1
"src/algorithms/graph/eulerian-path/__test__/eulerianPath.test.js","SubOptimalAssert","[{""startLine"":126,""endLine"":126}]",3,1
"src/algorithms/graph/eulerian-path/__test__/eulerianPath.test.js","VerboseStatement","[{""startLine"":36,""endLine"":87}]",3,1
"src/algorithms/graph/eulerian-path/__test__/eulerianPath.test.js","VerboseStatement","[{""startLine"":89,""endLine"":138}]",3,1
"src/algorithms/graph/detect-cycle/__test__/detectUndirectedCycleUsingDisjointSet.test.js","VerboseStatement","[{""startLine"":7,""endLine"":35}]",1,1
"src/algorithms/graph/detect-cycle/__test__/detectUndirectedCycle.test.js","VerboseStatement","[{""startLine"":7,""endLine"":40}]",1,1
"src/algorithms/graph/detect-cycle/__test__/detectDirectedCycle.test.js","VerboseStatement","[{""startLine"":7,""endLine"":41}]",1,1
"src/algorithms/graph/depth-first-search/__test__/depthFirstSearch.test.js","VerboseStatement","[{""startLine"":7,""endLine"":85}]",2,1
"src/algorithms/graph/depth-first-search/__test__/depthFirstSearch.test.js","VerboseStatement","[{""startLine"":87,""endLine"":164}]",2,1
"src/algorithms/graph/bridges/__test__/graphBridges.test.js","SubOptimalAssert","[{""startLine"":26,""endLine"":26}]",6,1
"src/algorithms/graph/bridges/__test__/graphBridges.test.js","SubOptimalAssert","[{""startLine"":53,""endLine"":53}]",6,1
"src/algorithms/graph/bridges/__test__/graphBridges.test.js","SubOptimalAssert","[{""startLine"":92,""endLine"":92}]",6,1
"src/algorithms/graph/bridges/__test__/graphBridges.test.js","SubOptimalAssert","[{""startLine"":133,""endLine"":133}]",6,1
"src/algorithms/graph/bridges/__test__/graphBridges.test.js","SubOptimalAssert","[{""startLine"":163,""endLine"":163}]",6,1
"src/algorithms/graph/bridges/__test__/graphBridges.test.js","SubOptimalAssert","[{""startLine"":200,""endLine"":200}]",6,1
"src/algorithms/graph/bridges/__test__/graphBridges.test.js","VerboseStatement","[{""startLine"":7,""endLine"":30}]",6,1
"src/algorithms/graph/bridges/__test__/graphBridges.test.js","VerboseStatement","[{""startLine"":57,""endLine"":96}]",6,1
"src/algorithms/graph/bridges/__test__/graphBridges.test.js","VerboseStatement","[{""startLine"":98,""endLine"":137}]",6,1
"src/algorithms/graph/bridges/__test__/graphBridges.test.js","VerboseStatement","[{""startLine"":139,""endLine"":166}]",6,1
"src/algorithms/graph/bridges/__test__/graphBridges.test.js","VerboseStatement","[{""startLine"":168,""endLine"":202}]",6,1
"src/algorithms/graph/breadth-first-search/__test__/breadthFirstSearch.test.js","VerboseStatement","[{""startLine"":7,""endLine"":90}]",2,1
"src/algorithms/graph/breadth-first-search/__test__/breadthFirstSearch.test.js","VerboseStatement","[{""startLine"":92,""endLine"":173}]",2,1
"src/algorithms/graph/bellman-ford/__test__/bellmanFord.test.js","VerboseStatement","[{""startLine"":7,""endLine"":66}]",2,1
"src/algorithms/graph/bellman-ford/__test__/bellmanFord.test.js","VerboseStatement","[{""startLine"":68,""endLine"":116}]",2,1
"src/algorithms/graph/articulation-points/__test__/articulationPoints.test.js","SubOptimalAssert","[{""startLine"":26,""endLine"":26}]",7,1
"src/algorithms/graph/articulation-points/__test__/articulationPoints.test.js","SubOptimalAssert","[{""startLine"":52,""endLine"":52}]",7,1
"src/algorithms/graph/articulation-points/__test__/articulationPoints.test.js","SubOptimalAssert","[{""startLine"":80,""endLine"":80}]",7,1
"src/algorithms/graph/articulation-points/__test__/articulationPoints.test.js","SubOptimalAssert","[{""startLine"":119,""endLine"":119}]",7,1
"src/algorithms/graph/articulation-points/__test__/articulationPoints.test.js","SubOptimalAssert","[{""startLine"":161,""endLine"":161}]",7,1
"src/algorithms/graph/articulation-points/__test__/articulationPoints.test.js","SubOptimalAssert","[{""startLine"":192,""endLine"":192}]",7,1
"src/algorithms/graph/articulation-points/__test__/articulationPoints.test.js","SubOptimalAssert","[{""startLine"":229,""endLine"":229}]",7,1
"src/algorithms/graph/articulation-points/__test__/articulationPoints.test.js","VerboseStatement","[{""startLine"":56,""endLine"":82}]",7,1
"src/algorithms/graph/articulation-points/__test__/articulationPoints.test.js","VerboseStatement","[{""startLine"":84,""endLine"":124}]",7,1
"src/algorithms/graph/articulation-points/__test__/articulationPoints.test.js","VerboseStatement","[{""startLine"":126,""endLine"":166}]",7,1
"src/algorithms/graph/articulation-points/__test__/articulationPoints.test.js","VerboseStatement","[{""startLine"":168,""endLine"":195}]",7,1
"src/algorithms/graph/articulation-points/__test__/articulationPoints.test.js","VerboseStatement","[{""startLine"":197,""endLine"":231}]",7,1
"src/algorithms/cryptography/polynomial-hash/__test__/PolynomialHash.test.js","OvercommentedTest","[{""startLine"":4,""endLine"":42}]",2,1